Sample,Smiles,Raw,Normalized
TP_0002,COC1=C(OCCCN2CCOCC2)C=C2C(NC3=CC(Cl)=C(F)C=C3)=NC=NC2=C1,0.029704183,0.035952277
TP_0002,COC1=C(NC(=O)\C=C\CN2CCCCC2)C=C2C(NC3=CC(Cl)=C(F)C=C3)=NC=NC2=C1,0.117056564,0.074272846
TP_0002,COC1=C(NC2=NC=CC(=N2)C2=CN(C)C3=C2C=CC=C3)C=C(NC(=O)C=C)C(=C1)N(C)CCN(C)C,0.003596863,0.024499271
TP_0002,CCC1=CC2=C(C=C1N1CCC(CC1)N1CCOCC1)C(C)(C)C1=C(C3=CC=C(C=C3N1)C#N)C2=O,0.084914386,0.060172411
TP_0002,COC1=CC(=CC=C1NC1=NC=C(Cl)C(NC2=CC=CC=C2P(C)(C)=O)=N1)N1CCC(CC1)N1CCN(C)CC1,-0.003093958,0.021564078
TP_0002,C[C@@H](OC1=CC(=CN=C1N)C1=CN(N=C1)C1CCNCC1)C1=C(Cl)C=CC(F)=C1Cl,-0.002962765,0.021621631
TP_0002,CN1CCN(CC1)C1=CC=C(C(=O)NC2=NNC3=CC=C(CC4=CC(F)=CC(F)=C4)C=C23)C(NC2CCOCC2)=C1,-0.002110014,0.021995724
TP_0002,O[C@H]1CCN(C1)C(=O)NC1=C2N=C(C=CN2N=C1)N1CCC[C@@H]1C1=C(F)C=CC(F)=C1,0.235479717,0.126223834
TP_0002,C[C@@H](OC1=CC(=NN=C1N)C(=O)NC1=CC=C(C=C1)C(=O)N1C[C@H](C)N[C@H](C)C1)C1=C(Cl)C=CC(F)=C1Cl,0.004471637,0.024883025
TP_0002,CC(C)(C)C1=NC(=C(S1)C1=NC(N)=NC=C1)C1=C(F)C(NS(=O)(=O)C2=C(F)C=CC=C2F)=CC=C1,0.160416639,0.093294453
TP_0002,C[C@H](N1N=NC2=NC=C(N=C12)C1=CN(C)N=C1)C1=CN2C=CN=C2C=C1,0.144806073,0.086446263
TP_0002,COC1=NC=C(CN2C3CC2CN(C3)C2=CC=C(C=N2)C2=CC(OCC(C)(C)O)=CN3N=CC(C#N)=C23)C=C1,0.125125514,0.077812609
TP_0002,COC1=C(OCC2CCN(C)CC2)C=C2N=CN=C(NC3=C(F)C=C(Br)C=C3)C2=C1,0.004846505,0.025047476
TP_0002,CC(C)C1=NC=CC(C)=C1N1C(=O)N=C(N2CCN(C[C@@H]2C)C(=O)C=C)C2=CC(F)=C(N=C12)C1=C(O)C=CC=C1F,0.823999572,0.38440129
TP_0002,O=C(NC1=CC=C(C=C1)C1(CCCC1)C#N)C1=CC=CN=C1NCC1=CC=NC=C1,0.198653154,0.110068409
TP_0002,CN(C)C\C=C\C(=O)NC1=C(O[C@H]2CCOC2)C=C2N=CN=C(NC3=CC(Cl)=C(F)C=C3)C2=C1,0.14705528,0.087432966
TP_0002,COCCOC1=CC2=C(C=C1OCCOC)C(NC1=CC(=CC=C1)C#C)=NC=N2,0.219770027,0.119332159
TP_0002,NC(=O)N(C1=CC=C(C(N)=O)C(=N1)C1=CC=C(F)C=C1F)C1=C(F)C=CC=C1F,0.28470093,0.147816662
TP_0002,CN(C)CCNS(=O)(=O)CC1=CC(NC2=NC(OC3=CC4=C(NC(C)=C4)C=C3)=CC=N2)=CC=C1,0.35128462,0.177026224
TP_0002,CC1=CN(C=N1)C1=CC(NC(=O)C2=CC=C(C)C(NC3=NC=CC(=N3)C3=CN=CC=C3)=C2)=CC(=C1)C(F)(F)F,0.506140608,0.244959914
TP_0002,NC1(CCN(CC1)C1=C2C=CNC2=NC=N1)C(=O)N[C@@H](CCO)C1=CC=C(Cl)C=C1,0.068017229,0.052759806
TP_0002,[H][C@]12[C@H](OC(=O)C3=CC=CC=C3)[C@]3(O)C[C@H](OC(=O)[C@H](O)[C@@H](NC(=O)C4=CC=CC=C4)C4=CC=CC=C4)C(C)=C([C@@H](OC(C)=O)C(=O)[C@]1(C)[C@@H](O)C[C@H]1OC[C@@]21OC(C)=O)C3(C)C,0.157908584,0.092194196
TP_0002,N[Pt](N)(Cl)Cl,0.677794306,0.320262582
TP_0002,NC1=NC(=O)N(C=C1)[C@@H]1O[C@H](CO)[C@@H](O)C1(F)F,0.105963861,0.069406594
TP_0016,COC1=C(OCCCN2CCOCC2)C=C2C(NC3=CC(Cl)=C(F)C=C3)=NC=NC2=C1,0.346794705,0.175056546
TP_0016,COC1=C(NC(=O)\C=C\CN2CCCCC2)C=C2C(NC3=CC(Cl)=C(F)C=C3)=NC=NC2=C1,0.35881179,0.180328315
TP_0016,COC1=C(NC2=NC=CC(=N2)C2=CN(C)C3=C2C=CC=C3)C=C(NC(=O)C=C)C(=C1)N(C)CCN(C)C,0.304144853,0.156346506
TP_0016,CCC1=CC2=C(C=C1N1CCC(CC1)N1CCOCC1)C(C)(C)C1=C(C3=CC=C(C=C3N1)C#N)C2=O,0.840632864,0.39169814
TP_0016,COC1=CC(=CC=C1NC1=NC=C(Cl)C(NC2=CC=CC=C2P(C)(C)=O)=N1)N1CCC(CC1)N1CCN(C)CC1,-0.003667602,0.021312427
TP_0016,C[C@@H](OC1=CC(=CN=C1N)C1=CN(N=C1)C1CCNCC1)C1=C(Cl)C=CC(F)=C1Cl,0.008114232,0.026480993
TP_0016,CN1CCN(CC1)C1=CC=C(C(=O)NC2=NNC3=CC=C(CC4=CC(F)=CC(F)=C4)C=C23)C(NC2CCOCC2)=C1,0.017855938,0.030754577
TP_0016,O[C@H]1CCN(C1)C(=O)NC1=C2N=C(C=CN2N=C1)N1CCC[C@@H]1C1=C(F)C=CC(F)=C1,0.889445521,0.413111738
TP_0016,C[C@@H](OC1=CC(=NN=C1N)C(=O)NC1=CC=C(C=C1)C(=O)N1C[C@H](C)N[C@H](C)C1)C1=C(Cl)C=CC(F)=C1Cl,0.067973935,0.052740814
TP_0016,CC(C)(C)C1=NC(=C(S1)C1=NC(N)=NC=C1)C1=C(F)C(NS(=O)(=O)C2=C(F)C=CC=C2F)=CC=C1,0.681835919,0.322035595
TP_0016,C[C@H](N1N=NC2=NC=C(N=C12)C1=CN(C)N=C1)C1=CN2C=CN=C2C=C1,0.992836451,0.458468249
TP_0016,COC1=NC=C(CN2C3CC2CN(C3)C2=CC=C(C=N2)C2=CC(OCC(C)(C)O)=CN3N=CC(C#N)=C23)C=C1,0.684278883,0.323107297
TP_0016,COC1=C(OCC2CCN(C)CC2)C=C2N=CN=C(NC3=C(F)C=C(Br)C=C3)C2=C1,0.012612476,0.028454325
TP_0016,CC(C)C1=NC=CC(C)=C1N1C(=O)N=C(N2CCN(C[C@@H]2C)C(=O)C=C)C2=CC(F)=C(N=C12)C1=C(O)C=CC=C1F,1.081816573,0.497502891
TP_0016,O=C(NC1=CC=C(C=C1)C1(CCCC1)C#N)C1=CC=CN=C1NCC1=CC=NC=C1,0.903641381,0.419339312
TP_0016,CN(C)C\C=C\C(=O)NC1=C(O[C@H]2CCOC2)C=C2N=CN=C(NC3=CC(Cl)=C(F)C=C3)C2=C1,0.368078267,0.18439342
TP_0016,COCCOC1=CC2=C(C=C1OCCOC)C(NC1=CC(=CC=C1)C#C)=NC=N2,0.367426781,0.18410762
TP_0016,NC(=O)N(C1=CC=C(C(N)=O)C(=N1)C1=CC=C(F)C=C1F)C1=C(F)C=CC=C1F,0.865939736,0.402799998
TP_0016,CN(C)CCNS(=O)(=O)CC1=CC(NC2=NC(OC3=CC4=C(NC(C)=C4)C=C3)=CC=N2)=CC=C1,0.600329412,0.286279549
TP_0016,CC1=CN(C=N1)C1=CC(NC(=O)C2=CC=C(C)C(NC3=NC=CC(=N3)C3=CN=CC=C3)=C2)=CC(=C1)C(F)(F)F,0.832252146,0.388021608
TP_0016,NC1(CCN(CC1)C1=C2C=CNC2=NC=N1)C(=O)N[C@@H](CCO)C1=CC=C(Cl)C=C1,0.14827606,0.087968509
TP_0016,[H][C@]12[C@H](OC(=O)C3=CC=CC=C3)[C@]3(O)C[C@H](OC(=O)[C@H](O)[C@@H](NC(=O)C4=CC=CC=C4)C4=CC=CC=C4)C(C)=C([C@@H](OC(C)=O)C(=O)[C@]1(C)[C@@H](O)C[C@H]1OC[C@@]21OC(C)=O)C3(C)C,0.499362546,0.241986449
TP_0016,N[Pt](N)(Cl)Cl,0.970767811,0.44878697
TP_0016,NC1=NC(=O)N(C=C1)[C@@H]1O[C@H](CO)[C@@H](O)C1(F)F,0.399054504,0.197982369
TP_0017,COC1=C(OCCCN2CCOCC2)C=C2C(NC3=CC(Cl)=C(F)C=C3)=NC=NC2=C1,0.558358481,0.267867344
TP_0017,COC1=C(NC(=O)\C=C\CN2CCCCC2)C=C2C(NC3=CC(Cl)=C(F)C=C3)=NC=NC2=C1,0.681173057,0.321744804
TP_0017,COC1=C(NC2=NC=CC(=N2)C2=CN(C)C3=C2C=CC=C3)C=C(NC(=O)C=C)C(=C1)N(C)CCN(C)C,1.43794767,0.653733849
TP_0017,CCC1=CC2=C(C=C1N1CCC(CC1)N1CCOCC1)C(C)(C)C1=C(C3=CC=C(C=C3N1)C#N)C2=O,0.337170795,0.170834638
TP_0017,COC1=CC(=CC=C1NC1=NC=C(Cl)C(NC2=CC=CC=C2P(C)(C)=O)=N1)N1CCC(CC1)N1CCN(C)CC1,0.328062174,0.166838782
TP_0017,C[C@@H](OC1=CC(=CN=C1N)C1=CN(N=C1)C1CCNCC1)C1=C(Cl)C=CC(F)=C1Cl,0.203425874,0.112162151
TP_0017,CN1CCN(CC1)C1=CC=C(C(=O)NC2=NNC3=CC=C(CC4=CC(F)=CC(F)=C4)C=C23)C(NC2CCOCC2)=C1,1.023657215,0.471988994
TP_0017,O[C@H]1CCN(C1)C(=O)NC1=C2N=C(C=CN2N=C1)N1CCC[C@@H]1C1=C(F)C=CC(F)=C1,0.705462713,0.33240042
TP_0017,C[C@@H](OC1=CC(=NN=C1N)C(=O)NC1=CC=C(C=C1)C(=O)N1C[C@H](C)N[C@H](C)C1)C1=C(Cl)C=CC(F)=C1Cl,1.675227253,0.7578259
TP_0017,CC(C)(C)C1=NC(=C(S1)C1=NC(N)=NC=C1)C1=C(F)C(NS(=O)(=O)C2=C(F)C=CC=C2F)=CC=C1,2.454317987,1
TP_0017,C[C@H](N1N=NC2=NC=C(N=C12)C1=CN(C)N=C1)C1=CN2C=CN=C2C=C1,0.623333312,0.296371118
TP_0017,COC1=NC=C(CN2C3CC2CN(C3)C2=CC=C(C=N2)C2=CC(OCC(C)(C)O)=CN3N=CC(C#N)=C23)C=C1,1.689497426,0.764086075
TP_0017,COC1=C(OCC2CCN(C)CC2)C=C2N=CN=C(NC3=C(F)C=C(Br)C=C3)C2=C1,0.547883566,0.263272109
TP_0017,CC(C)C1=NC=CC(C)=C1N1C(=O)N=C(N2CCN(C[C@@H]2C)C(=O)C=C)C2=CC(F)=C(N=C12)C1=C(O)C=CC=C1F,2.099689001,0.944032794
TP_0017,O=C(NC1=CC=C(C=C1)C1(CCCC1)C#N)C1=CC=CN=C1NCC1=CC=NC=C1,1.147838084,0.526465832
TP_0017,CN(C)C\C=C\C(=O)NC1=C(O[C@H]2CCOC2)C=C2N=CN=C(NC3=CC(Cl)=C(F)C=C3)C2=C1,0.442678991,0.217119971
TP_0017,COCCOC1=CC2=C(C=C1OCCOC)C(NC1=CC(=CC=C1)C#C)=NC=N2,0.634263658,0.301166145
TP_0017,NC(=O)N(C1=CC=C(C(N)=O)C(=N1)C1=CC=C(F)C=C1F)C1=C(F)C=CC=C1F,1.319687404,0.601854317
TP_0017,CN(C)CCNS(=O)(=O)CC1=CC(NC2=NC(OC3=CC4=C(NC(C)=C4)C=C3)=CC=N2)=CC=C1,0.896895569,0.416379996
TP_0017,CC1=CN(C=N1)C1=CC(NC(=O)C2=CC=C(C)C(NC3=NC=CC(=N3)C3=CN=CC=C3)=C2)=CC(=C1)C(F)(F)F,1.372061976,0.624830489
TP_0017,NC1(CCN(CC1)C1=C2C=CNC2=NC=N1)C(=O)N[C@@H](CCO)C1=CC=C(Cl)C=C1,0.859094791,0.399797193
TP_0017,[H][C@]12[C@H](OC(=O)C3=CC=CC=C3)[C@]3(O)C[C@H](OC(=O)[C@H](O)[C@@H](NC(=O)C4=CC=CC=C4)C4=CC=CC=C4)C(C)=C([C@@H](OC(C)=O)C(=O)[C@]1(C)[C@@H](O)C[C@H]1OC[C@@]21OC(C)=O)C3(C)C,0.558510291,0.267933942
TP_0017,N[Pt](N)(Cl)Cl,1.089391098,0.500825755
TP_0017,NC1=NC(=O)N(C=C1)[C@@H]1O[C@H](CO)[C@@H](O)C1(F)F,1.290691627,0.589134175
TP_0018,COC1=C(OCC2CCN(C)CC2)C=C2N=CN=C(NC3=C(F)C=C(Br)C=C3)C2=C1,0.782101691,0.366021132
TP_0018,COC1=C(NC(=O)\C=C\CN2CCCCC2)C=C2C(NC3=CC(Cl)=C(F)C=C3)=NC=NC2=C1,1.130260581,0.518754766
TP_0018,COC1=C(NC2=NC=CC(=N2)C2=CN(C)C3=C2C=CC=C3)C=C(NC(=O)C=C)C(=C1)N(C)CCN(C)C,0.555068845,0.266424216
TP_0018,CCC1=CC2=C(C=C1N1CCC(CC1)N1CCOCC1)C(C)(C)C1=C(C3=CC=C(C=C3N1)C#N)C2=O,0.745503745,0.349965999
TP_0018,COC1=CC(=CC=C1NC1=NC=C(Cl)C(NC2=CC=CC=C2P(C)(C)=O)=N1)N1CCC(CC1)N1CCN(C)CC1,1.477313161,0.671003075
TP_0018,C[C@@H](OC1=CC(=CN=C1N)C1=CN(N=C1)C1CCNCC1)C1=C(Cl)C=CC(F)=C1Cl,0.719131696,0.338396859
TP_0018,CN1CCN(CC1)C1=CC=C(C(=O)NC2=NNC3=CC=C(CC4=CC(F)=CC(F)=C4)C=C23)C(NC2CCOCC2)=C1,0.860799235,0.400544915
TP_0018,CC(C)(C)C1=NC(=C(S1)C1=NC(N)=NC=C1)C1=C(F)C(NS(=O)(=O)C2=C(F)C=CC=C2F)=CC=C1,1.806963776,0.815617324
TP_0018,C[C@H](N1N=NC2=NC=C(N=C12)C1=CN(C)N=C1)C1=CN2C=CN=C2C=C1,1.221456443,0.55876143
TP_0018,COC1=NC=C(CN2C3CC2CN(C3)C2=CC=C(C=N2)C2=CC(OCC(C)(C)O)=CN3N=CC(C#N)=C23)C=C1,1.037659406,0.478131607
TP_0018,CC(C)C1=NC=CC(C)=C1N1C(=O)N=C(N2CCN(C[C@@H]2C)C(=O)C=C)C2=CC(F)=C(N=C12)C1=C(O)C=CC=C1F,1.186891716,0.543598248
TP_0018,O=C(NC1=CC=C(C=C1)C1(CCCC1)C#N)C1=CC=CN=C1NCC1=CC=NC=C1,0.650929151,0.308477121
TP_0018,CN(C)C\C=C\C(=O)NC1=C(O[C@H]2CCOC2)C=C2N=CN=C(NC3=CC(Cl)=C(F)C=C3)C2=C1,0.831347456,0.38762473
TP_0018,COC1=C(OCCCN2CCOCC2)C=C2C(NC3=CC(Cl)=C(F)C=C3)=NC=NC2=C1,0.794330906,0.371385959
TP_0018,O[C@H]1CCN(C1)C(=O)NC1=C2N=C(C=CN2N=C1)N1CCC[C@@H]1C1=C(F)C=CC(F)=C1,1.167426632,0.535059121
TP_0018,C[C@@H](OC1=CC(=NN=C1N)C(=O)NC1=CC=C(C=C1)C(=O)N1C[C@H](C)N[C@H](C)C1)C1=C(Cl)C=CC(F)=C1Cl,1.131067889,0.519108924
TP_0019,COC1=C(OCCCN2CCOCC2)C=C2C(NC3=CC(Cl)=C(F)C=C3)=NC=NC2=C1,0.026154151,0.034394915
TP_0019,COC1=C(NC(=O)\C=C\CN2CCCCC2)C=C2C(NC3=CC(Cl)=C(F)C=C3)=NC=NC2=C1,0.055305767,0.047183422
TP_0019,COC1=C(NC2=NC=CC(=N2)C2=CN(C)C3=C2C=CC=C3)C=C(NC(=O)C=C)C(=C1)N(C)CCN(C)C,-0.001635905,0.022203711
TP_0019,CCC1=CC2=C(C=C1N1CCC(CC1)N1CCOCC1)C(C)(C)C1=C(C3=CC=C(C=C3N1)C#N)C2=O,0.071817226,0.054426825
TP_0019,COC1=CC(=CC=C1NC1=NC=C(Cl)C(NC2=CC=CC=C2P(C)(C)=O)=N1)N1CCC(CC1)N1CCN(C)CC1,-0.003312453,0.021468227
TP_0019,C[C@@H](OC1=CC(=CN=C1N)C1=CN(N=C1)C1CCNCC1)C1=C(Cl)C=CC(F)=C1Cl,-0.003322614,0.021463769
TP_0019,CN1CCN(CC1)C1=CC=C(C(=O)NC2=NNC3=CC=C(CC4=CC(F)=CC(F)=C4)C=C23)C(NC2CCOCC2)=C1,-0.002641833,0.021762421
TP_0019,O[C@H]1CCN(C1)C(=O)NC1=C2N=C(C=CN2N=C1)N1CCC[C@@H]1C1=C(F)C=CC(F)=C1,0.099790177,0.066698264
TP_0019,C[C@@H](OC1=CC(=NN=C1N)C(=O)NC1=CC=C(C=C1)C(=O)N1C[C@H](C)N[C@H](C)C1)C1=C(Cl)C=CC(F)=C1Cl,-0.000770276,0.022583453
TP_0019,CC(C)(C)C1=NC(=C(S1)C1=NC(N)=NC=C1)C1=C(F)C(NS(=O)(=O)C2=C(F)C=CC=C2F)=CC=C1,0.163221986,0.094525129
TP_0019,C[C@H](N1N=NC2=NC=C(N=C12)C1=CN(C)N=C1)C1=CN2C=CN=C2C=C1,0.170489625,0.097713366
TP_0019,COC1=NC=C(CN2C3CC2CN(C3)C2=CC=C(C=N2)C2=CC(OCC(C)(C)O)=CN3N=CC(C#N)=C23)C=C1,0.043129553,0.041841845
TP_0019,COC1=C(OCC2CCN(C)CC2)C=C2N=CN=C(NC3=C(F)C=C(Br)C=C3)C2=C1,-0.000135239,0.022862037
TP_0019,CC(C)C1=NC=CC(C)=C1N1C(=O)N=C(N2CCN(C[C@@H]2C)C(=O)C=C)C2=CC(F)=C(N=C12)C1=C(O)C=CC=C1F,0.150027342,0.088736778
TP_0019,O=C(NC1=CC=C(C=C1)C1(CCCC1)C#N)C1=CC=CN=C1NCC1=CC=NC=C1,0.120074793,0.075596911
TP_0019,CN(C)C\C=C\C(=O)NC1=C(O[C@H]2CCOC2)C=C2N=CN=C(NC3=CC(Cl)=C(F)C=C3)C2=C1,0.121674144,0.076298529
TP_0019,COCCOC1=CC2=C(C=C1OCCOC)C(NC1=CC(=CC=C1)C#C)=NC=N2,0.05793199,0.048335518
TP_0019,NC(=O)N(C1=CC=C(C(N)=O)C(=N1)C1=CC=C(F)C=C1F)C1=C(F)C=CC=C1F,0.177397548,0.100743799
TP_0019,CN(C)CCNS(=O)(=O)CC1=CC(NC2=NC(OC3=CC4=C(NC(C)=C4)C=C3)=CC=N2)=CC=C1,0.133394685,0.081440207
TP_0019,CC1=CN(C=N1)C1=CC(NC(=O)C2=CC=C(C)C(NC3=NC=CC(=N3)C3=CN=CC=C3)=C2)=CC(=C1)C(F)(F)F,0.123317086,0.077019271
TP_0019,NC1(CCN(CC1)C1=C2C=CNC2=NC=N1)C(=O)N[C@@H](CCO)C1=CC=C(Cl)C=C1,0.032652783,0.037245797
TP_0019,[H][C@]12[C@H](OC(=O)C3=CC=CC=C3)[C@]3(O)C[C@H](OC(=O)[C@H](O)[C@@H](NC(=O)C4=CC=CC=C4)C4=CC=CC=C4)C(C)=C([C@@H](OC(C)=O)C(=O)[C@]1(C)[C@@H](O)C[C@H]1OC[C@@]21OC(C)=O)C3(C)C,0.052126294,0.045788621
TP_0019,N[Pt](N)(Cl)Cl,0.338082416,0.171234557
TP_0019,NC1=NC(=O)N(C=C1)[C@@H]1O[C@H](CO)[C@@H](O)C1(F)F,0.043105309,0.04183121
TP_0022,COC1=C(OCCCN2CCOCC2)C=C2C(NC3=CC(Cl)=C(F)C=C3)=NC=NC2=C1,0.291906196,0.150977536
TP_0022,COC1=C(NC(=O)\C=C\CN2CCCCC2)C=C2C(NC3=CC(Cl)=C(F)C=C3)=NC=NC2=C1,0.376724911,0.188186612
TP_0022,COC1=C(NC2=NC=CC(=N2)C2=CN(C)C3=C2C=CC=C3)C=C(NC(=O)C=C)C(=C1)N(C)CCN(C)C,0.290722539,0.150458278
TP_0022,CCC1=CC2=C(C=C1N1CCC(CC1)N1CCOCC1)C(C)(C)C1=C(C3=CC=C(C=C3N1)C#N)C2=O,0.056422997,0.047673539
TP_0022,COC1=CC(=CC=C1NC1=NC=C(Cl)C(NC2=CC=CC=C2P(C)(C)=O)=N1)N1CCC(CC1)N1CCN(C)CC1,-0.00337536,0.02144063
TP_0022,C[C@@H](OC1=CC(=CN=C1N)C1=CN(N=C1)C1CCNCC1)C1=C(Cl)C=CC(F)=C1Cl,0.011926098,0.028153218
TP_0022,CN1CCN(CC1)C1=CC=C(C(=O)NC2=NNC3=CC=C(CC4=CC(F)=CC(F)=C4)C=C23)C(NC2CCOCC2)=C1,0.016841504,0.030309555
TP_0022,O[C@H]1CCN(C1)C(=O)NC1=C2N=C(C=CN2N=C1)N1CCC[C@@H]1C1=C(F)C=CC(F)=C1,1.001205178,0.462139522
TP_0022,C[C@@H](OC1=CC(=NN=C1N)C(=O)NC1=CC=C(C=C1)C(=O)N1C[C@H](C)N[C@H](C)C1)C1=C(Cl)C=CC(F)=C1Cl,0.097970319,0.065899911
TP_0022,CC(C)(C)C1=NC(=C(S1)C1=NC(N)=NC=C1)C1=C(F)C(NS(=O)(=O)C2=C(F)C=CC=C2F)=CC=C1,0.556775982,0.267173119
TP_0022,C[C@H](N1N=NC2=NC=C(N=C12)C1=CN(C)N=C1)C1=CN2C=CN=C2C=C1,0.861691413,0.400936304
TP_0022,COC1=NC=C(CN2C3CC2CN(C3)C2=CC=C(C=N2)C2=CC(OCC(C)(C)O)=CN3N=CC(C#N)=C23)C=C1,0.645842851,0.306245815
TP_0022,COC1=C(OCC2CCN(C)CC2)C=C2N=CN=C(NC3=C(F)C=C(Br)C=C3)C2=C1,0.005791572,0.025462067
TP_0022,CC(C)C1=NC=CC(C)=C1N1C(=O)N=C(N2CCN(C[C@@H]2C)C(=O)C=C)C2=CC(F)=C(N=C12)C1=C(O)C=CC=C1F,1.000244823,0.461718224
TP_0022,O=C(NC1=CC=C(C=C1)C1(CCCC1)C#N)C1=CC=CN=C1NCC1=CC=NC=C1,0.89188755,0.414183031
TP_0022,CN(C)C\C=C\C(=O)NC1=C(O[C@H]2CCOC2)C=C2N=CN=C(NC3=CC(Cl)=C(F)C=C3)C2=C1,0.306943614,0.157574293
TP_0022,COCCOC1=CC2=C(C=C1OCCOC)C(NC1=CC(=CC=C1)C#C)=NC=N2,0.788147726,0.368673464
TP_0022,NC(=O)N(C1=CC=C(C(N)=O)C(=N1)C1=CC=C(F)C=C1F)C1=C(F)C=CC=C1F,1.050922,0.483949767
TP_0022,CN(C)CCNS(=O)(=O)CC1=CC(NC2=NC(OC3=CC4=C(NC(C)=C4)C=C3)=CC=N2)=CC=C1,0.876244983,0.407320801
TP_0022,CC1=CN(C=N1)C1=CC(NC(=O)C2=CC=C(C)C(NC3=NC=CC(=N3)C3=CN=CC=C3)=C2)=CC(=C1)C(F)(F)F,1.236029238,0.565154361
TP_0022,NC1(CCN(CC1)C1=C2C=CNC2=NC=N1)C(=O)N[C@@H](CCO)C1=CC=C(Cl)C=C1,0.579605107,0.277188015
TP_0022,[H][C@]12[C@H](OC(=O)C3=CC=CC=C3)[C@]3(O)C[C@H](OC(=O)[C@H](O)[C@@H](NC(=O)C4=CC=CC=C4)C4=CC=CC=C4)C(C)=C([C@@H](OC(C)=O)C(=O)[C@]1(C)[C@@H](O)C[C@H]1OC[C@@]21OC(C)=O)C3(C)C,0.918927177,0.42604503
TP_0022,N[Pt](N)(Cl)Cl,1.370571534,0.624176648
TP_0022,NC1=NC(=O)N(C=C1)[C@@H]1O[C@H](CO)[C@@H](O)C1(F)F,0.40040993,0.19857698
TP_0026,COC1=C(OCCCN2CCOCC2)C=C2C(NC3=CC(Cl)=C(F)C=C3)=NC=NC2=C1,0.173597336,0.099076686
TP_0026,COC1=C(NC(=O)\C=C\CN2CCCCC2)C=C2C(NC3=CC(Cl)=C(F)C=C3)=NC=NC2=C1,0.190953726,0.106690751
TP_0026,COC1=C(NC2=NC=CC(=N2)C2=CN(C)C3=C2C=CC=C3)C=C(NC(=O)C=C)C(=C1)N(C)CCN(C)C,0.136311823,0.082719925
TP_0026,CCC1=CC2=C(C=C1N1CCC(CC1)N1CCOCC1)C(C)(C)C1=C(C3=CC=C(C=C3N1)C#N)C2=O,0.69462974,0.327648109
TP_0026,COC1=CC(=CC=C1NC1=NC=C(Cl)C(NC2=CC=CC=C2P(C)(C)=O)=N1)N1CCC(CC1)N1CCN(C)CC1,0.000253134,0.023032412
TP_0026,C[C@@H](OC1=CC(=CN=C1N)C1=CN(N=C1)C1CCNCC1)C1=C(Cl)C=CC(F)=C1Cl,0.00410268,0.024721167
TP_0026,CN1CCN(CC1)C1=CC=C(C(=O)NC2=NNC3=CC=C(CC4=CC(F)=CC(F)=C4)C=C23)C(NC2CCOCC2)=C1,0.008945657,0.02684573
TP_0026,O[C@H]1CCN(C1)C(=O)NC1=C2N=C(C=CN2N=C1)N1CCC[C@@H]1C1=C(F)C=CC(F)=C1,0.820633121,0.382924464
TP_0026,C[C@@H](OC1=CC(=NN=C1N)C(=O)NC1=CC=C(C=C1)C(=O)N1C[C@H](C)N[C@H](C)C1)C1=C(Cl)C=CC(F)=C1Cl,0.039719777,0.040346012
TP_0026,CC(C)(C)C1=NC(=C(S1)C1=NC(N)=NC=C1)C1=C(F)C(NS(=O)(=O)C2=C(F)C=CC=C2F)=CC=C1,0.484010521,0.235251678
TP_0026,C[C@H](N1N=NC2=NC=C(N=C12)C1=CN(C)N=C1)C1=CN2C=CN=C2C=C1,0.709765748,0.334288116
TP_0026,COC1=NC=C(CN2C3CC2CN(C3)C2=CC=C(C=N2)C2=CC(OCC(C)(C)O)=CN3N=CC(C#N)=C23)C=C1,0.341094364,0.172555867
TP_0026,COC1=C(OCC2CCN(C)CC2)C=C2N=CN=C(NC3=C(F)C=C(Br)C=C3)C2=C1,0.00526982,0.025233179
TP_0026,CC(C)C1=NC=CC(C)=C1N1C(=O)N=C(N2CCN(C[C@@H]2C)C(=O)C=C)C2=CC(F)=C(N=C12)C1=C(O)C=CC=C1F,0.679018498,0.320799622
TP_0026,O=C(NC1=CC=C(C=C1)C1(CCCC1)C#N)C1=CC=CN=C1NCC1=CC=NC=C1,0.683050925,0.322568605
TP_0026,CN(C)C\C=C\C(=O)NC1=C(O[C@H]2CCOC2)C=C2N=CN=C(NC3=CC(Cl)=C(F)C=C3)C2=C1,0.159369896,0.092835258
TP_0026,COCCOC1=CC2=C(C=C1OCCOC)C(NC1=CC(=CC=C1)C#C)=NC=N2,0.117307918,0.074383112
TP_0026,NC(=O)N(C1=CC=C(C(N)=O)C(=N1)C1=CC=C(F)C=C1F)C1=C(F)C=CC=C1F,0.547669585,0.263178238
TP_0026,CN(C)CCNS(=O)(=O)CC1=CC(NC2=NC(OC3=CC4=C(NC(C)=C4)C=C3)=CC=N2)=CC=C1,0.273837498,0.143050988
TP_0026,CC1=CN(C=N1)C1=CC(NC(=O)C2=CC=C(C)C(NC3=NC=CC(=N3)C3=CN=CC=C3)=C2)=CC(=C1)C(F)(F)F,0.686302444,0.323995012
TP_0026,NC1(CCN(CC1)C1=C2C=CNC2=NC=N1)C(=O)N[C@@H](CCO)C1=CC=C(Cl)C=C1,0.111933852,0.072025566
TP_0026,[H][C@]12[C@H](OC(=O)C3=CC=CC=C3)[C@]3(O)C[C@H](OC(=O)[C@H](O)[C@@H](NC(=O)C4=CC=CC=C4)C4=CC=CC=C4)C(C)=C([C@@H](OC(C)=O)C(=O)[C@]1(C)[C@@H](O)C[C@H]1OC[C@@]21OC(C)=O)C3(C)C,0.176278369,0.100252827
TP_0026,N[Pt](N)(Cl)Cl,0.718777671,0.338241552
TP_0026,NC1=NC(=O)N(C=C1)[C@@H]1O[C@H](CO)[C@@H](O)C1(F)F,0.094895539,0.064551037
TP_0027,COC1=C(OCCCN2CCOCC2)C=C2C(NC3=CC(Cl)=C(F)C=C3)=NC=NC2=C1,0.214870764,0.117182904
TP_0027,COC1=C(NC(=O)\C=C\CN2CCCCC2)C=C2C(NC3=CC(Cl)=C(F)C=C3)=NC=NC2=C1,0.232175059,0.124774116
TP_0027,COC1=C(NC2=NC=CC(=N2)C2=CN(C)C3=C2C=CC=C3)C=C(NC(=O)C=C)C(=C1)N(C)CCN(C)C,0.168461427,0.096823617
TP_0027,CCC1=CC2=C(C=C1N1CCC(CC1)N1CCOCC1)C(C)(C)C1=C(C3=CC=C(C=C3N1)C#N)C2=O,0.760949195,0.356741755
TP_0027,COC1=CC(=CC=C1NC1=NC=C(Cl)C(NC2=CC=CC=C2P(C)(C)=O)=N1)N1CCC(CC1)N1CCN(C)CC1,-0.002976859,0.021615448
TP_0027,C[C@@H](OC1=CC(=CN=C1N)C1=CN(N=C1)C1CCNCC1)C1=C(Cl)C=CC(F)=C1Cl,0.000128373,0.022977681
TP_0027,CN1CCN(CC1)C1=CC=C(C(=O)NC2=NNC3=CC=C(CC4=CC(F)=CC(F)=C4)C=C23)C(NC2CCOCC2)=C1,0.010857903,0.027684613
TP_0027,O[C@H]1CCN(C1)C(=O)NC1=C2N=C(C=CN2N=C1)N1CCC[C@@H]1C1=C(F)C=CC(F)=C1,0.916085014,0.424798203
TP_0027,C[C@@H](OC1=CC(=NN=C1N)C(=O)NC1=CC=C(C=C1)C(=O)N1C[C@H](C)N[C@H](C)C1)C1=C(Cl)C=CC(F)=C1Cl,0.029334617,0.035790152
TP_0027,CC(C)(C)C1=NC(=C(S1)C1=NC(N)=NC=C1)C1=C(F)C(NS(=O)(=O)C2=C(F)C=CC=C2F)=CC=C1,0.441239518,0.21648849
TP_0027,C[C@H](N1N=NC2=NC=C(N=C12)C1=CN(C)N=C1)C1=CN2C=CN=C2C=C1,0.86321133,0.401603075
TP_0027,COC1=NC=C(CN2C3CC2CN(C3)C2=CC=C(C=N2)C2=CC(OCC(C)(C)O)=CN3N=CC(C#N)=C23)C=C1,0.399871956,0.198340976
TP_0027,COC1=C(OCC2CCN(C)CC2)C=C2N=CN=C(NC3=C(F)C=C(Br)C=C3)C2=C1,0.007050291,0.026014253
TP_0027,CC(C)C1=NC=CC(C)=C1N1C(=O)N=C(N2CCN(C[C@@H]2C)C(=O)C=C)C2=CC(F)=C(N=C12)C1=C(O)C=CC=C1F,0.925378582,0.428875193
TP_0027,O=C(NC1=CC=C(C=C1)C1(CCCC1)C#N)C1=CC=CN=C1NCC1=CC=NC=C1,0.822031198,0.383537785
TP_0027,CN(C)C\C=C\C(=O)NC1=C(O[C@H]2CCOC2)C=C2N=CN=C(NC3=CC(Cl)=C(F)C=C3)C2=C1,0.273835794,0.143050241
TP_0027,COCCOC1=CC2=C(C=C1OCCOC)C(NC1=CC(=CC=C1)C#C)=NC=N2,0.15572262,0.091235237
TP_0027,NC(=O)N(C1=CC=C(C(N)=O)C(=N1)C1=CC=C(F)C=C1F)C1=C(F)C=CC=C1F,0.746039028,0.350200822
TP_0027,CN(C)CCNS(=O)(=O)CC1=CC(NC2=NC(OC3=CC4=C(NC(C)=C4)C=C3)=CC=N2)=CC=C1,0.33830008,0.171330044
TP_0027,CC1=CN(C=N1)C1=CC(NC(=O)C2=CC=C(C)C(NC3=NC=CC(=N3)C3=CN=CC=C3)=C2)=CC(=C1)C(F)(F)F,0.404360588,0.200310092
TP_0027,NC1(CCN(CC1)C1=C2C=CNC2=NC=N1)C(=O)N[C@@H](CCO)C1=CC=C(Cl)C=C1,0.109885355,0.071126912
TP_0027,[H][C@]12[C@H](OC(=O)C3=CC=CC=C3)[C@]3(O)C[C@H](OC(=O)[C@H](O)[C@@H](NC(=O)C4=CC=CC=C4)C4=CC=CC=C4)C(C)=C([C@@H](OC(C)=O)C(=O)[C@]1(C)[C@@H](O)C[C@H]1OC[C@@]21OC(C)=O)C3(C)C,0.184720216,0.103956176
TP_0027,N[Pt](N)(Cl)Cl,0.826379367,0.385445281
TP_0027,NC1=NC(=O)N(C=C1)[C@@H]1O[C@H](CO)[C@@H](O)C1(F)F,0.013591646,0.028883877
TP_0029,COC1=C(NC(=O)\C=C\CN2CCCCC2)C=C2C(NC3=CC(Cl)=C(F)C=C3)=NC=NC2=C1,1.056684608,0.486477763
TP_0029,COC1=C(NC2=NC=CC(=N2)C2=CN(C)C3=C2C=CC=C3)C=C(NC(=O)C=C)C(=C1)N(C)CCN(C)C,1.149195342,0.527061246
TP_0029,CCC1=CC2=C(C=C1N1CCC(CC1)N1CCOCC1)C(C)(C)C1=C(C3=CC=C(C=C3N1)C#N)C2=O,1.214403064,0.555667187
TP_0029,COC1=CC(=CC=C1NC1=NC=C(Cl)C(NC2=CC=CC=C2P(C)(C)=O)=N1)N1CCC(CC1)N1CCN(C)CC1,1.15180946,0.528208032
TP_0029,C[C@@H](OC1=CC(=CN=C1N)C1=CN(N=C1)C1CCNCC1)C1=C(Cl)C=CC(F)=C1Cl,1.093863176,0.502787609
TP_0029,CN1CCN(CC1)C1=CC=C(C(=O)NC2=NNC3=CC=C(CC4=CC(F)=CC(F)=C4)C=C23)C(NC2CCOCC2)=C1,1.115865337,0.512439725
TP_0029,CC(C)(C)C1=NC(=C(S1)C1=NC(N)=NC=C1)C1=C(F)C(NS(=O)(=O)C2=C(F)C=CC=C2F)=CC=C1,0.989298454,0.456916167
TP_0029,C[C@H](N1N=NC2=NC=C(N=C12)C1=CN(C)N=C1)C1=CN2C=CN=C2C=C1,0.987773552,0.456247209
TP_0029,COC1=NC=C(CN2C3CC2CN(C3)C2=CC=C(C=N2)C2=CC(OCC(C)(C)O)=CN3N=CC(C#N)=C23)C=C1,1.127556253,0.517568406
TP_0029,CC(C)C1=NC=CC(C)=C1N1C(=O)N=C(N2CCN(C[C@@H]2C)C(=O)C=C)C2=CC(F)=C(N=C12)C1=C(O)C=CC=C1F,1.117462853,0.513140538
TP_0029,O=C(NC1=CC=C(C=C1)C1(CCCC1)C#N)C1=CC=CN=C1NCC1=CC=NC=C1,1.225513066,0.560541027
TP_0029,CN(C)C\C=C\C(=O)NC1=C(O[C@H]2CCOC2)C=C2N=CN=C(NC3=CC(Cl)=C(F)C=C3)C2=C1,1.051892059,0.484375322
TP_0029,COC1=C(OCCCN2CCOCC2)C=C2C(NC3=CC(Cl)=C(F)C=C3)=NC=NC2=C1,1.131041744,0.519097454
TP_0029,O[C@H]1CCN(C1)C(=O)NC1=C2N=C(C=CN2N=C1)N1CCC[C@@H]1C1=C(F)C=CC(F)=C1,1.414237867,0.643332608
TP_0029,C[C@@H](OC1=CC(=NN=C1N)C(=O)NC1=CC=C(C=C1)C(=O)N1C[C@H](C)N[C@H](C)C1)C1=C(Cl)C=CC(F)=C1Cl,1.309527916,0.597397456
TP_0029,COC1=C(OCC2CCN(C)CC2)C=C2N=CN=C(NC3=C(F)C=C(Br)C=C3)C2=C1,1.167929854,0.535279879
TP_0029,COCCOC1=CC2=C(C=C1OCCOC)C(NC1=CC(=CC=C1)C#C)=NC=N2,1.364424395,0.621479963
TP_0029,NC(=O)N(C1=CC=C(C(N)=O)C(=N1)C1=CC=C(F)C=C1F)C1=C(F)C=CC=C1F,1.383449365,0.629826017
TP_0029,CN(C)CCNS(=O)(=O)CC1=CC(NC2=NC(OC3=CC4=C(NC(C)=C4)C=C3)=CC=N2)=CC=C1,0.818364179,0.381929103
TP_0029,CC1=CN(C=N1)C1=CC(NC(=O)C2=CC=C(C)C(NC3=NC=CC(=N3)C3=CN=CC=C3)=C2)=CC(=C1)C(F)(F)F,1.151010702,0.527857626
TP_0029,NC1(CCN(CC1)C1=C2C=CNC2=NC=N1)C(=O)N[C@@H](CCO)C1=CC=C(Cl)C=C1,0.932223543,0.431878006
TP_0029,[H][C@]12[C@H](OC(=O)C3=CC=CC=C3)[C@]3(O)C[C@H](OC(=O)[C@H](O)[C@@H](NC(=O)C4=CC=CC=C4)C4=CC=CC=C4)C(C)=C([C@@H](OC(C)=O)C(=O)[C@]1(C)[C@@H](O)C[C@H]1OC[C@@]21OC(C)=O)C3(C)C,1.245627252,0.569364909
TP_0029,N[Pt](N)(Cl)Cl,1.151010702,0.527857626
TP_0029,NC1=NC(=O)N(C=C1)[C@@H]1O[C@H](CO)[C@@H](O)C1(F)F,0.972161458,0.449398348
TP_0035,COC1=C(NC(=O)\C=C\CN2CCCCC2)C=C2C(NC3=CC(Cl)=C(F)C=C3)=NC=NC2=C1,0.477428009,0.232363999
TP_0035,COC1=C(NC2=NC=CC(=N2)C2=CN(C)C3=C2C=CC=C3)C=C(NC(=O)C=C)C(=C1)N(C)CCN(C)C,0.507817412,0.24569551
TP_0035,CCC1=CC2=C(C=C1N1CCC(CC1)N1CCOCC1)C(C)(C)C1=C(C3=CC=C(C=C3N1)C#N)C2=O,0.395900574,0.196598773
TP_0035,COC1=CC(=CC=C1NC1=NC=C(Cl)C(NC2=CC=CC=C2P(C)(C)=O)=N1)N1CCC(CC1)N1CCN(C)CC1,0.265079432,0.139208917
TP_0035,C[C@@H](OC1=CC(=CN=C1N)C1=CN(N=C1)C1CCNCC1)C1=C(Cl)C=CC(F)=C1Cl,0.445739196,0.218462451
TP_0035,CN1CCN(CC1)C1=CC=C(C(=O)NC2=NNC3=CC=C(CC4=CC(F)=CC(F)=C4)C=C23)C(NC2CCOCC2)=C1,0.546799681,0.262796621
TP_0035,CC(C)(C)C1=NC(=C(S1)C1=NC(N)=NC=C1)C1=C(F)C(NS(=O)(=O)C2=C(F)C=CC=C2F)=CC=C1,0.971119588,0.44894129
TP_0035,C[C@H](N1N=NC2=NC=C(N=C12)C1=CN(C)N=C1)C1=CN2C=CN=C2C=C1,0.937125372,0.434028386
TP_0035,COC1=NC=C(CN2C3CC2CN(C3)C2=CC=C(C=N2)C2=CC(OCC(C)(C)O)=CN3N=CC(C#N)=C23)C=C1,0.924634279,0.428548675
TP_0035,CC(C)C1=NC=CC(C)=C1N1C(=O)N=C(N2CCN(C[C@@H]2C)C(=O)C=C)C2=CC(F)=C(N=C12)C1=C(O)C=CC=C1F,1.217923461,0.557211548
TP_0035,O=C(NC1=CC=C(C=C1)C1(CCCC1)C#N)C1=CC=CN=C1NCC1=CC=NC=C1,0.882172947,0.409921337
TP_0035,CN(C)C\C=C\C(=O)NC1=C(O[C@H]2CCOC2)C=C2N=CN=C(NC3=CC(Cl)=C(F)C=C3)C2=C1,0.715303684,0.33671755
TP_0035,COC1=C(OCCCN2CCOCC2)C=C2C(NC3=CC(Cl)=C(F)C=C3)=NC=NC2=C1,0.235863688,0.126392278
TP_0035,O[C@H]1CCN(C1)C(=O)NC1=C2N=C(C=CN2N=C1)N1CCC[C@@H]1C1=C(F)C=CC(F)=C1,1.087060402,0.499803303
TP_0035,C[C@@H](OC1=CC(=NN=C1N)C(=O)NC1=CC=C(C=C1)C(=O)N1C[C@H](C)N[C@H](C)C1)C1=C(Cl)C=CC(F)=C1Cl,0.369451314,0.184995762
TP_0035,COC1=C(OCC2CCN(C)CC2)C=C2N=CN=C(NC3=C(F)C=C(Br)C=C3)C2=C1,0.510961143,0.247074632
TP_0035,COCCOC1=CC2=C(C=C1OCCOC)C(NC1=CC(=CC=C1)C#C)=NC=N2,0.529278618,0.255110315
TP_0035,NC(=O)N(C1=CC=C(C(N)=O)C(=N1)C1=CC=C(F)C=C1F)C1=C(F)C=CC=C1F,0.923712118,0.428144133
TP_0035,CN(C)CCNS(=O)(=O)CC1=CC(NC2=NC(OC3=CC4=C(NC(C)=C4)C=C3)=CC=N2)=CC=C1,0.532673848,0.256599766
TP_0035,CC1=CN(C=N1)C1=CC(NC(=O)C2=CC=C(C)C(NC3=NC=CC(=N3)C3=CN=CC=C3)=C2)=CC(=C1)C(F)(F)F,0.57911724,0.276973993
TP_0035,NC1(CCN(CC1)C1=C2C=CNC2=NC=N1)C(=O)N[C@@H](CCO)C1=CC=C(Cl)C=C1,0.418786939,0.20663878
TP_0036,COC1=C(NC(=O)\C=C\CN2CCCCC2)C=C2C(NC3=CC(Cl)=C(F)C=C3)=NC=NC2=C1,0.674391515,0.318769813
TP_0036,COC1=C(NC2=NC=CC(=N2)C2=CN(C)C3=C2C=CC=C3)C=C(NC(=O)C=C)C(=C1)N(C)CCN(C)C,0.901897086,0.418574109
TP_0036,CCC1=CC2=C(C=C1N1CCC(CC1)N1CCOCC1)C(C)(C)C1=C(C3=CC=C(C=C3N1)C#N)C2=O,0.756382159,0.354738244
TP_0036,COC1=CC(=CC=C1NC1=NC=C(Cl)C(NC2=CC=CC=C2P(C)(C)=O)=N1)N1CCC(CC1)N1CCN(C)CC1,0.846128675,0.394109095
TP_0036,C[C@@H](OC1=CC(=CN=C1N)C1=CN(N=C1)C1CCNCC1)C1=C(Cl)C=CC(F)=C1Cl,0.734591853,0.345179067
TP_0036,CN1CCN(CC1)C1=CC=C(C(=O)NC2=NNC3=CC=C(CC4=CC(F)=CC(F)=C4)C=C23)C(NC2CCOCC2)=C1,0.753058214,0.353280065
TP_0036,CC(C)(C)C1=NC(=C(S1)C1=NC(N)=NC=C1)C1=C(F)C(NS(=O)(=O)C2=C(F)C=CC=C2F)=CC=C1,0.848713966,0.395243234
TP_0036,C[C@H](N1N=NC2=NC=C(N=C12)C1=CN(C)N=C1)C1=CN2C=CN=C2C=C1,0.522228698,0.252017589
TP_0036,COC1=NC=C(CN2C3CC2CN(C3)C2=CC=C(C=N2)C2=CC(OCC(C)(C)O)=CN3N=CC(C#N)=C23)C=C1,0.734591853,0.345179067
TP_0036,CC(C)C1=NC=CC(C)=C1N1C(=O)N=C(N2CCN(C[C@@H]2C)C(=O)C=C)C2=CC(F)=C(N=C12)C1=C(O)C=CC=C1F,0.833940877,0.388762436
TP_0036,O=C(NC1=CC=C(C=C1)C1(CCCC1)C#N)C1=CC=CN=C1NCC1=CC=NC=C1,0.712801546,0.335619889
TP_0036,CN(C)C\C=C\C(=O)NC1=C(O[C@H]2CCOC2)C=C2N=CN=C(NC3=CC(Cl)=C(F)C=C3)C2=C1,0.78555901,0.367537821
TP_0036,COC1=C(OCCCN2CCOCC2)C=C2C(NC3=CC(Cl)=C(F)C=C3)=NC=NC2=C1,0.921471429,0.427161166
TP_0036,O[C@H]1CCN(C1)C(=O)NC1=C2N=C(C=CN2N=C1)N1CCC[C@@H]1C1=C(F)C=CC(F)=C1,1.033746906,0.476415235
TP_0036,C[C@@H](OC1=CC(=NN=C1N)C(=O)NC1=CC=C(C=C1)C(=O)N1C[C@H](C)N[C@H](C)C1)C1=C(Cl)C=CC(F)=C1Cl,1.042241432,0.480141694
TP_0036,COC1=C(OCC2CCN(C)CC2)C=C2N=CN=C(NC3=C(F)C=C(Br)C=C3)C2=C1,0.975762531,0.450978101
TP_0036,COCCOC1=CC2=C(C=C1OCCOC)C(NC1=CC(=CC=C1)C#C)=NC=N2,1.298923854,0.592745566
TP_0036,NC(=O)N(C1=CC=C(C(N)=O)C(=N1)C1=CC=C(F)C=C1F)C1=C(F)C=CC=C1F,1.139374493,0.522752943
TP_0036,CN(C)CCNS(=O)(=O)CC1=CC(NC2=NC(OC3=CC4=C(NC(C)=C4)C=C3)=CC=N2)=CC=C1,1.144175747,0.524859203
TP_0036,CC1=CN(C=N1)C1=CC(NC(=O)C2=CC=C(C)C(NC3=NC=CC(=N3)C3=CN=CC=C3)=C2)=CC(=C1)C(F)(F)F,1.146022383,0.525669303
TP_0036,NC1(CCN(CC1)C1=C2C=CNC2=NC=N1)C(=O)N[C@@H](CCO)C1=CC=C(Cl)C=C1,1.023036416,0.471716656
TP_0036,[H][C@]12[C@H](OC(=O)C3=CC=CC=C3)[C@]3(O)C[C@H](OC(=O)[C@H](O)[C@@H](NC(=O)C4=CC=CC=C4)C4=CC=CC=C4)C(C)=C([C@@H](OC(C)=O)C(=O)[C@]1(C)[C@@H](O)C[C@H]1OC[C@@]21OC(C)=O)C3(C)C,0.939568463,0.435100145
TP_0036,N[Pt](N)(Cl)Cl,1.137527857,0.521942844
TP_0036,NC1=NC(=O)N(C=C1)[C@@H]1O[C@H](CO)[C@@H](O)C1(F)F,0.90005045,0.417764009
TP_0039,COC1=C(OCCCN2CCOCC2)C=C2C(NC3=CC(Cl)=C(F)C=C3)=NC=NC2=C1,0.170019631,0.097507185
TP_0039,COC1=C(NC(=O)\C=C\CN2CCCCC2)C=C2C(NC3=CC(Cl)=C(F)C=C3)=NC=NC2=C1,0.157616116,0.092065893
TP_0039,COC1=C(NC2=NC=CC(=N2)C2=CN(C)C3=C2C=CC=C3)C=C(NC(=O)C=C)C(=C1)N(C)CCN(C)C,0.144347661,0.086245162
TP_0039,CCC1=CC2=C(C=C1N1CCC(CC1)N1CCOCC1)C(C)(C)C1=C(C3=CC=C(C=C3N1)C#N)C2=O,0.751603649,0.352641962
TP_0039,COC1=CC(=CC=C1NC1=NC=C(Cl)C(NC2=CC=CC=C2P(C)(C)=O)=N1)N1CCC(CC1)N1CCN(C)CC1,0.001347224,0.023512378
TP_0039,C[C@@H](OC1=CC(=CN=C1N)C1=CN(N=C1)C1CCNCC1)C1=C(Cl)C=CC(F)=C1Cl,0.001175141,0.023436887
TP_0039,CN1CCN(CC1)C1=CC=C(C(=O)NC2=NNC3=CC=C(CC4=CC(F)=CC(F)=C4)C=C23)C(NC2CCOCC2)=C1,0.009407923,0.027048522
TP_0039,O[C@H]1CCN(C1)C(=O)NC1=C2N=C(C=CN2N=C1)N1CCC[C@@H]1C1=C(F)C=CC(F)=C1,0.838844875,0.390913768
TP_0039,C[C@@H](OC1=CC(=NN=C1N)C(=O)NC1=CC=C(C=C1)C(=O)N1C[C@H](C)N[C@H](C)C1)C1=C(Cl)C=CC(F)=C1Cl,0.04385295,0.042159192
TP_0039,CC(C)(C)C1=NC(=C(S1)C1=NC(N)=NC=C1)C1=C(F)C(NS(=O)(=O)C2=C(F)C=CC=C2F)=CC=C1,0.482284081,0.234494307
TP_0039,C[C@H](N1N=NC2=NC=C(N=C12)C1=CN(C)N=C1)C1=CN2C=CN=C2C=C1,0.796446202,0.372313917
TP_0039,COC1=NC=C(CN2C3CC2CN(C3)C2=CC=C(C=N2)C2=CC(OCC(C)(C)O)=CN3N=CC(C#N)=C23)C=C1,0.300524734,0.154758398
TP_0039,COC1=C(OCC2CCN(C)CC2)C=C2N=CN=C(NC3=C(F)C=C(Br)C=C3)C2=C1,0.005933351,0.025524263
TP_0039,CC(C)C1=NC=CC(C)=C1N1C(=O)N=C(N2CCN(C[C@@H]2C)C(=O)C=C)C2=CC(F)=C(N=C12)C1=C(O)C=CC=C1F,0.641443886,0.304316035
TP_0039,O=C(NC1=CC=C(C=C1)C1(CCCC1)C#N)C1=CC=CN=C1NCC1=CC=NC=C1,0.796373718,0.372282119
TP_0039,CN(C)C\C=C\C(=O)NC1=C(O[C@H]2CCOC2)C=C2N=CN=C(NC3=CC(Cl)=C(F)C=C3)C2=C1,0.224038355,0.121204629
TP_0039,COCCOC1=CC2=C(C=C1OCCOC)C(NC1=CC(=CC=C1)C#C)=NC=N2,0.129185068,0.079593492
TP_0039,NC(=O)N(C1=CC=C(C(N)=O)C(=N1)C1=CC=C(F)C=C1F)C1=C(F)C=CC=C1F,0.582542919,0.278476802
TP_0039,CN(C)CCNS(=O)(=O)CC1=CC(NC2=NC(OC3=CC4=C(NC(C)=C4)C=C3)=CC=N2)=CC=C1,0.282025499,0.146642978
TP_0039,CC1=CN(C=N1)C1=CC(NC(=O)C2=CC=C(C)C(NC3=NC=CC(=N3)C3=CN=CC=C3)=C2)=CC(=C1)C(F)(F)F,0.624922753,0.297068389
TP_0039,NC1(CCN(CC1)C1=C2C=CNC2=NC=N1)C(=O)N[C@@H](CCO)C1=CC=C(Cl)C=C1,0.071047911,0.054089334
TP_0039,[H][C@]12[C@H](OC(=O)C3=CC=CC=C3)[C@]3(O)C[C@H](OC(=O)[C@H](O)[C@@H](NC(=O)C4=CC=CC=C4)C4=CC=CC=C4)C(C)=C([C@@H](OC(C)=O)C(=O)[C@]1(C)[C@@H](O)C[C@H]1OC[C@@]21OC(C)=O)C3(C)C,0.185268045,0.104196503
TP_0039,N[Pt](N)(Cl)Cl,0.722080707,0.339690559
TP_0039,NC1=NC(=O)N(C=C1)[C@@H]1O[C@H](CO)[C@@H](O)C1(F)F,0.051621488,0.045567168
TP_0043,COC1=C(OCCCN2CCOCC2)C=C2C(NC3=CC(Cl)=C(F)C=C3)=NC=NC2=C1,0.05702703,0.047938522
TP_0043,COC1=C(NC(=O)\C=C\CN2CCCCC2)C=C2C(NC3=CC(Cl)=C(F)C=C3)=NC=NC2=C1,0.051806586,0.045648368
TP_0043,COC1=C(NC2=NC=CC(=N2)C2=CN(C)C3=C2C=CC=C3)C=C(NC(=O)C=C)C(=C1)N(C)CCN(C)C,-0.000409631,0.022741664
TP_0043,CCC1=CC2=C(C=C1N1CCC(CC1)N1CCOCC1)C(C)(C)C1=C(C3=CC=C(C=C3N1)C#N)C2=O,0.412982486,0.204092428
TP_0043,COC1=CC(=CC=C1NC1=NC=C(Cl)C(NC2=CC=CC=C2P(C)(C)=O)=N1)N1CCC(CC1)N1CCN(C)CC1,0.010955283,0.027727332
TP_0043,C[C@@H](OC1=CC(=CN=C1N)C1=CN(N=C1)C1CCNCC1)C1=C(Cl)C=CC(F)=C1Cl,0.001285395,0.023485254
TP_0043,CN1CCN(CC1)C1=CC=C(C(=O)NC2=NNC3=CC=C(CC4=CC(F)=CC(F)=C4)C=C23)C(NC2CCOCC2)=C1,-0.000992296,0.022486055
TP_0043,O[C@H]1CCN(C1)C(=O)NC1=C2N=C(C=CN2N=C1)N1CCC[C@@H]1C1=C(F)C=CC(F)=C1,0.692867766,0.32687515
TP_0043,C[C@@H](OC1=CC(=NN=C1N)C(=O)NC1=CC=C(C=C1)C(=O)N1C[C@H](C)N[C@H](C)C1)C1=C(Cl)C=CC(F)=C1Cl,0.16331793,0.094567219
TP_0043,CC(C)(C)C1=NC(=C(S1)C1=NC(N)=NC=C1)C1=C(F)C(NS(=O)(=O)C2=C(F)C=CC=C2F)=CC=C1,0.207183199,0.11381045
TP_0043,C[C@H](N1N=NC2=NC=C(N=C12)C1=CN(C)N=C1)C1=CN2C=CN=C2C=C1,0.489194547,0.237525856
TP_0043,COC1=NC=C(CN2C3CC2CN(C3)C2=CC=C(C=N2)C2=CC(OCC(C)(C)O)=CN3N=CC(C#N)=C23)C=C1,0.266546516,0.139852512
TP_0043,COC1=C(OCC2CCN(C)CC2)C=C2N=CN=C(NC3=C(F)C=C(Br)C=C3)C2=C1,0.165149604,0.095370755
TP_0043,CC(C)C1=NC=CC(C)=C1N1C(=O)N=C(N2CCN(C[C@@H]2C)C(=O)C=C)C2=CC(F)=C(N=C12)C1=C(O)C=CC=C1F,0.315052658,0.161131645
TP_0043,O=C(NC1=CC=C(C=C1)C1(CCCC1)C#N)C1=CC=CN=C1NCC1=CC=NC=C1,0.262712339,0.138170498
TP_0043,CN(C)C\C=C\C(=O)NC1=C(O[C@H]2CCOC2)C=C2N=CN=C(NC3=CC(Cl)=C(F)C=C3)C2=C1,0.233566895,0.125384699
TP_0043,COCCOC1=CC2=C(C=C1OCCOC)C(NC1=CC(=CC=C1)C#C)=NC=N2,0.075891427,0.056214134
TP_0043,NC(=O)N(C1=CC=C(C(N)=O)C(=N1)C1=CC=C(F)C=C1F)C1=C(F)C=CC=C1F,0.172058474,0.098401604
TP_0043,CN(C)CCNS(=O)(=O)CC1=CC(NC2=NC(OC3=CC4=C(NC(C)=C4)C=C3)=CC=N2)=CC=C1,0.144155615,0.086160914
TP_0043,CC1=CN(C=N1)C1=CC(NC(=O)C2=CC=C(C)C(NC3=NC=CC(=N3)C3=CN=CC=C3)=C2)=CC(=C1)C(F)(F)F,0.092342559,0.063431072
TP_0043,NC1(CCN(CC1)C1=C2C=CNC2=NC=N1)C(=O)N[C@@H](CCO)C1=CC=C(Cl)C=C1,0.06881561,0.053110048
TP_0043,[H][C@]12[C@H](OC(=O)C3=CC=CC=C3)[C@]3(O)C[C@H](OC(=O)[C@H](O)[C@@H](NC(=O)C4=CC=CC=C4)C4=CC=CC=C4)C(C)=C([C@@H](OC(C)=O)C(=O)[C@]1(C)[C@@H](O)C[C@H]1OC[C@@]21OC(C)=O)C3(C)C,0.095608761,0.06486392
TP_0043,N[Pt](N)(Cl)Cl,0.65503304,0.310277454
TP_0043,NC1=NC(=O)N(C=C1)[C@@H]1O[C@H](CO)[C@@H](O)C1(F)F,0.052679086,0.046031125
TP_0048,COC1=C(OCCCN2CCOCC2)C=C2C(NC3=CC(Cl)=C(F)C=C3)=NC=NC2=C1,0.060318549,0.049382476
TP_0048,COC1=C(NC(=O)\C=C\CN2CCCCC2)C=C2C(NC3=CC(Cl)=C(F)C=C3)=NC=NC2=C1,0.103750028,0.068435408
TP_0048,COC1=C(NC2=NC=CC(=N2)C2=CN(C)C3=C2C=CC=C3)C=C(NC(=O)C=C)C(=C1)N(C)CCN(C)C,-0.001496581,0.022264831
TP_0048,CCC1=CC2=C(C=C1N1CCC(CC1)N1CCOCC1)C(C)(C)C1=C(C3=CC=C(C=C3N1)C#N)C2=O,0.208167699,0.11424234
TP_0048,COC1=CC(=CC=C1NC1=NC=C(Cl)C(NC2=CC=CC=C2P(C)(C)=O)=N1)N1CCC(CC1)N1CCN(C)CC1,-0.002566443,0.021795493
TP_0048,C[C@@H](OC1=CC(=CN=C1N)C1=CN(N=C1)C1CCNCC1)C1=C(Cl)C=CC(F)=C1Cl,-0.002419439,0.021859983
TP_0048,CN1CCN(CC1)C1=CC=C(C(=O)NC2=NNC3=CC=C(CC4=CC(F)=CC(F)=C4)C=C23)C(NC2CCOCC2)=C1,0.001431246,0.023549237
TP_0048,O[C@H]1CCN(C1)C(=O)NC1=C2N=C(C=CN2N=C1)N1CCC[C@@H]1C1=C(F)C=CC(F)=C1,0.390125831,0.194065454
TP_0048,C[C@@H](OC1=CC(=NN=C1N)C(=O)NC1=CC=C(C=C1)C(=O)N1C[C@H](C)N[C@H](C)C1)C1=C(Cl)C=CC(F)=C1Cl,0.007080397,0.02602746
TP_0048,CC(C)(C)C1=NC(=C(S1)C1=NC(N)=NC=C1)C1=C(F)C(NS(=O)(=O)C2=C(F)C=CC=C2F)=CC=C1,0.194503528,0.108248012
TP_0048,C[C@H](N1N=NC2=NC=C(N=C12)C1=CN(C)N=C1)C1=CN2C=CN=C2C=C1,0.326556795,0.166178388
TP_0048,COC1=NC=C(CN2C3CC2CN(C3)C2=CC=C(C=N2)C2=CC(OCC(C)(C)O)=CN3N=CC(C#N)=C23)C=C1,0.112924619,0.072460205
TP_0048,COC1=C(OCC2CCN(C)CC2)C=C2N=CN=C(NC3=C(F)C=C(Br)C=C3)C2=C1,0.001278137,0.02348207
TP_0048,CC(C)C1=NC=CC(C)=C1N1C(=O)N=C(N2CCN(C[C@@H]2C)C(=O)C=C)C2=CC(F)=C(N=C12)C1=C(O)C=CC=C1F,0.534309541,0.257317328
TP_0048,O=C(NC1=CC=C(C=C1)C1(CCCC1)C#N)C1=CC=CN=C1NCC1=CC=NC=C1,0.285994029,0.14838393
TP_0048,CN(C)C\C=C\C(=O)NC1=C(O[C@H]2CCOC2)C=C2N=CN=C(NC3=CC(Cl)=C(F)C=C3)C2=C1,0.114699541,0.073238844
TP_0048,COCCOC1=CC2=C(C=C1OCCOC)C(NC1=CC(=CC=C1)C#C)=NC=N2,0.103082065,0.06814238
TP_0048,NC(=O)N(C1=CC=C(C(N)=O)C(=N1)C1=CC=C(F)C=C1F)C1=C(F)C=CC=C1F,0.314083468,0.160706471
TP_0048,CN(C)CCNS(=O)(=O)CC1=CC(NC2=NC(OC3=CC4=C(NC(C)=C4)C=C3)=CC=N2)=CC=C1,0.193199801,0.107676081
TP_0048,CC1=CN(C=N1)C1=CC(NC(=O)C2=CC=C(C)C(NC3=NC=CC(=N3)C3=CN=CC=C3)=C2)=CC(=C1)C(F)(F)F,0.321096419,0.163782979
TP_0048,NC1(CCN(CC1)C1=C2C=CNC2=NC=N1)C(=O)N[C@@H](CCO)C1=CC=C(Cl)C=C1,0.041572092,0.041158603
TP_0048,[H][C@]12[C@H](OC(=O)C3=CC=CC=C3)[C@]3(O)C[C@H](OC(=O)[C@H](O)[C@@H](NC(=O)C4=CC=CC=C4)C4=CC=CC=C4)C(C)=C([C@@H](OC(C)=O)C(=O)[C@]1(C)[C@@H](O)C[C@H]1OC[C@@]21OC(C)=O)C3(C)C,0.114026121,0.072943422
TP_0048,N[Pt](N)(Cl)Cl,0.503551346,0.243824032
TP_0048,NC1=NC(=O)N(C=C1)[C@@H]1O[C@H](CO)[C@@H](O)C1(F)F,0.095950918,0.065014021
TP_9001,COC1=C(OCCCN2CCOCC2)C=C2C(NC3=CC(Cl)=C(F)C=C3)=NC=NC2=C1,0.669995083,0.316841144
TP_9001,COC1=C(NC(=O)\C=C\CN2CCCCC2)C=C2C(NC3=CC(Cl)=C(F)C=C3)=NC=NC2=C1,0.644833118,0.305802856
TP_9001,COC1=C(NC2=NC=CC(=N2)C2=CN(C)C3=C2C=CC=C3)C=C(NC(=O)C=C)C(=C1)N(C)CCN(C)C,0.437448441,0.214825384
TP_9001,CCC1=CC2=C(C=C1N1CCC(CC1)N1CCOCC1)C(C)(C)C1=C(C3=CC=C(C=C3N1)C#N)C2=O,0.961340753,0.444651419
TP_9001,COC1=CC(=CC=C1NC1=NC=C(Cl)C(NC2=CC=CC=C2P(C)(C)=O)=N1)N1CCC(CC1)N1CCN(C)CC1,0.013456976,0.028824798
TP_9001,C[C@@H](OC1=CC(=CN=C1N)C1=CN(N=C1)C1CCNCC1)C1=C(Cl)C=CC(F)=C1Cl,0.485380856,0.235852829
TP_9001,CN1CCN(CC1)C1=CC=C(C(=O)NC2=NNC3=CC=C(CC4=CC(F)=CC(F)=C4)C=C23)C(NC2CCOCC2)=C1,0.586934266,0.28040324
TP_9001,O[C@H]1CCN(C1)C(=O)NC1=C2N=C(C=CN2N=C1)N1CCC[C@@H]1C1=C(F)C=CC(F)=C1,1.001749299,0.462378222
TP_9001,C[C@@H](OC1=CC(=NN=C1N)C(=O)NC1=CC=C(C=C1)C(=O)N1C[C@H](C)N[C@H](C)C1)C1=C(Cl)C=CC(F)=C1Cl,0.202646883,0.111820416
TP_9001,CC(C)(C)C1=NC(=C(S1)C1=NC(N)=NC=C1)C1=C(F)C(NS(=O)(=O)C2=C(F)C=CC=C2F)=CC=C1,0.914206782,0.423974242
TP_9001,C[C@H](N1N=NC2=NC=C(N=C12)C1=CN(C)N=C1)C1=CN2C=CN=C2C=C1,1.00259917,0.462751051
TP_9001,COC1=NC=C(CN2C3CC2CN(C3)C2=CC=C(C=N2)C2=CC(OCC(C)(C)O)=CN3N=CC(C#N)=C23)C=C1,0.873459458,0.406098821
TP_9001,COC1=C(OCC2CCN(C)CC2)C=C2N=CN=C(NC3=C(F)C=C(Br)C=C3)C2=C1,0.542809725,0.261046269
TP_9001,CC(C)C1=NC=CC(C)=C1N1C(=O)N=C(N2CCN(C[C@@H]2C)C(=O)C=C)C2=CC(F)=C(N=C12)C1=C(O)C=CC=C1F,0.890845179,0.413725754
TP_9001,O=C(NC1=CC=C(C=C1)C1(CCCC1)C#N)C1=CC=CN=C1NCC1=CC=NC=C1,0.889513933,0.41314175
TP_9001,CN(C)C\C=C\C(=O)NC1=C(O[C@H]2CCOC2)C=C2N=CN=C(NC3=CC(Cl)=C(F)C=C3)C2=C1,0.193805288,0.107941701
TP_9001,COCCOC1=CC2=C(C=C1OCCOC)C(NC1=CC(=CC=C1)C#C)=NC=N2,0.564464414,0.270545953
TP_9001,NC(=O)N(C1=CC=C(C(N)=O)C(=N1)C1=CC=C(F)C=C1F)C1=C(F)C=CC=C1F,0.856571407,0.398690211
TP_9001,CN(C)CCNS(=O)(=O)CC1=CC(NC2=NC(OC3=CC4=C(NC(C)=C4)C=C3)=CC=N2)=CC=C1,0.922220362,0.427489715
TP_9001,CC1=CN(C=N1)C1=CC(NC(=O)C2=CC=C(C)C(NC3=NC=CC(=N3)C3=CN=CC=C3)=C2)=CC(=C1)C(F)(F)F,1.023228771,0.47180104
TP_9001,NC1(CCN(CC1)C1=C2C=CNC2=NC=N1)C(=O)N[C@@H](CCO)C1=CC=C(Cl)C=C1,0.363886408,0.182554496
TP_9001,[H][C@]12[C@H](OC(=O)C3=CC=CC=C3)[C@]3(O)C[C@H](OC(=O)[C@H](O)[C@@H](NC(=O)C4=CC=CC=C4)C4=CC=CC=C4)C(C)=C([C@@H](OC(C)=O)C(=O)[C@]1(C)[C@@H](O)C[C@H]1OC[C@@]21OC(C)=O)C3(C)C,0.774019498,0.362475559
TP_9001,N[Pt](N)(Cl)Cl,0.963750589,0.445708588
TP_9001,NC1=NC(=O)N(C=C1)[C@@H]1O[C@H](CO)[C@@H](O)C1(F)F,0.214718067,0.117115917
TP_9002,COC1=C(OCCCN2CCOCC2)C=C2C(NC3=CC(Cl)=C(F)C=C3)=NC=NC2=C1,0.500542059,0.242503889
TP_9002,COC1=C(NC(=O)\C=C\CN2CCCCC2)C=C2C(NC3=CC(Cl)=C(F)C=C3)=NC=NC2=C1,0.371163936,0.185747071
TP_9002,COC1=C(NC2=NC=CC(=N2)C2=CN(C)C3=C2C=CC=C3)C=C(NC(=O)C=C)C(=C1)N(C)CCN(C)C,0.361695303,0.181593281
TP_9002,CCC1=CC2=C(C=C1N1CCC(CC1)N1CCOCC1)C(C)(C)C1=C(C3=CC=C(C=C3N1)C#N)C2=O,0.900542059,0.417979673
TP_9002,COC1=CC(=CC=C1NC1=NC=C(Cl)C(NC2=CC=CC=C2P(C)(C)=O)=N1)N1CCC(CC1)N1CCN(C)CC1,0.011122162,0.02780054
TP_9002,C[C@@H](OC1=CC(=CN=C1N)C1=CN(N=C1)C1CCNCC1)C1=C(Cl)C=CC(F)=C1Cl,0.012062063,0.028212865
TP_9002,CN1CCN(CC1)C1=CC=C(C(=O)NC2=NNC3=CC=C(CC4=CC(F)=CC(F)=C4)C=C23)C(NC2CCOCC2)=C1,0.016408484,0.030119594
TP_9002,O[C@H]1CCN(C1)C(=O)NC1=C2N=C(C=CN2N=C1)N1CCC[C@@H]1C1=C(F)C=CC(F)=C1,0.912203794,0.423095553
TP_9002,C[C@@H](OC1=CC(=NN=C1N)C(=O)NC1=CC=C(C=C1)C(=O)N1C[C@H](C)N[C@H](C)C1)C1=C(Cl)C=CC(F)=C1Cl,0.041892408,0.041299123
TP_9002,CC(C)(C)C1=NC(=C(S1)C1=NC(N)=NC=C1)C1=C(F)C(NS(=O)(=O)C2=C(F)C=CC=C2F)=CC=C1,0.602583937,0.287268586
TP_9002,C[C@H](N1N=NC2=NC=C(N=C12)C1=CN(C)N=C1)C1=CN2C=CN=C2C=C1,0.939284718,0.434975669
TP_9002,COC1=NC=C(CN2C3CC2CN(C3)C2=CC=C(C=N2)C2=CC(OCC(C)(C)O)=CN3N=CC(C#N)=C23)C=C1,0.422171044,0.208123351
TP_9002,COC1=C(OCC2CCN(C)CC2)C=C2N=CN=C(NC3=C(F)C=C(Br)C=C3)C2=C1,0.128796125,0.079422867
TP_9002,CC(C)C1=NC=CC(C)=C1N1C(=O)N=C(N2CCN(C[C@@H]2C)C(=O)C=C)C2=CC(F)=C(N=C12)C1=C(O)C=CC=C1F,1.291542823,0.589507586
TP_9002,O=C(NC1=CC=C(C=C1)C1(CCCC1)C#N)C1=CC=CN=C1NCC1=CC=NC=C1,0.877799006,0.408002535
TP_9002,CN(C)C\C=C\C(=O)NC1=C(O[C@H]2CCOC2)C=C2N=CN=C(NC3=CC(Cl)=C(F)C=C3)C2=C1,0.048287187,0.044104445
TP_9002,COCCOC1=CC2=C(C=C1OCCOC)C(NC1=CC(=CC=C1)C#C)=NC=N2,0.248359218,0.131873936
TP_9002,NC(=O)N(C1=CC=C(C(N)=O)C(=N1)C1=CC=C(F)C=C1F)C1=C(F)C=CC=C1F,0.678791799,0.320700171
TP_9002,CN(C)CCNS(=O)(=O)CC1=CC(NC2=NC(OC3=CC4=C(NC(C)=C4)C=C3)=CC=N2)=CC=C1,1.103926133,0.507202122
TP_9002,CC1=CN(C=N1)C1=CC(NC(=O)C2=CC=C(C)C(NC3=NC=CC(=N3)C3=CN=CC=C3)=C2)=CC(=C1)C(F)(F)F,0.876886971,0.407602435
TP_9002,NC1(CCN(CC1)C1=C2C=CNC2=NC=N1)C(=O)N[C@@H](CCO)C1=CC=C(Cl)C=C1,0.197633116,0.109620929
TP_9002,[H][C@]12[C@H](OC(=O)C3=CC=CC=C3)[C@]3(O)C[C@H](OC(=O)[C@H](O)[C@@H](NC(=O)C4=CC=CC=C4)C4=CC=CC=C4)C(C)=C([C@@H](OC(C)=O)C(=O)[C@]1(C)[C@@H](O)C[C@H]1OC[C@@]21OC(C)=O)C3(C)C,0.172874588,0.098759624
TP_9002,N[Pt](N)(Cl)Cl,1.069572232,0.492131427
TP_9002,NC1=NC(=O)N(C=C1)[C@@H]1O[C@H](CO)[C@@H](O)C1(F)F,0.024924098,0.033855304
TP_9004,COC1=C(OCCCN2CCOCC2)C=C2C(NC3=CC(Cl)=C(F)C=C3)=NC=NC2=C1,0.331247756,0.168236263
TP_9004,COC1=C(NC(=O)\C=C\CN2CCCCC2)C=C2C(NC3=CC(Cl)=C(F)C=C3)=NC=NC2=C1,0.258693089,0.136407296
TP_9004,COC1=C(NC2=NC=CC(=N2)C2=CN(C)C3=C2C=CC=C3)C=C(NC(=O)C=C)C(=C1)N(C)CCN(C)C,0.209673107,0.114902747
TP_9004,CCC1=CC2=C(C=C1N1CCC(CC1)N1CCOCC1)C(C)(C)C1=C(C3=CC=C(C=C3N1)C#N)C2=O,0.507959063,0.245757651
TP_9004,COC1=CC(=CC=C1NC1=NC=C(Cl)C(NC2=CC=CC=C2P(C)(C)=O)=N1)N1CCC(CC1)N1CCN(C)CC1,0.004135504,0.024735567
TP_9004,C[C@@H](OC1=CC(=CN=C1N)C1=CN(N=C1)C1CCNCC1)C1=C(Cl)C=CC(F)=C1Cl,-0.001874219,0.022099165
TP_9004,CN1CCN(CC1)C1=CC=C(C(=O)NC2=NNC3=CC=C(CC4=CC(F)=CC(F)=C4)C=C23)C(NC2CCOCC2)=C1,-0.000901458,0.022525905
TP_9004,O[C@H]1CCN(C1)C(=O)NC1=C2N=C(C=CN2N=C1)N1CCC[C@@H]1C1=C(F)C=CC(F)=C1,0.645872008,0.306258606
TP_9004,C[C@@H](OC1=CC(=NN=C1N)C(=O)NC1=CC=C(C=C1)C(=O)N1C[C@H](C)N[C@H](C)C1)C1=C(Cl)C=CC(F)=C1Cl,0.075834668,0.056189234
TP_9004,CC(C)(C)C1=NC(=C(S1)C1=NC(N)=NC=C1)C1=C(F)C(NS(=O)(=O)C2=C(F)C=CC=C2F)=CC=C1,0.330227784,0.167788812
TP_9004,C[C@H](N1N=NC2=NC=C(N=C12)C1=CN(C)N=C1)C1=CN2C=CN=C2C=C1,0.681338218,0.321817258
TP_9004,COC1=NC=C(CN2C3CC2CN(C3)C2=CC=C(C=N2)C2=CC(OCC(C)(C)O)=CN3N=CC(C#N)=C23)C=C1,0.319899418,0.163257867
TP_9004,COC1=C(OCC2CCN(C)CC2)C=C2N=CN=C(NC3=C(F)C=C(Br)C=C3)C2=C1,0.067902993,0.052709692
TP_9004,CC(C)C1=NC=CC(C)=C1N1C(=O)N=C(N2CCN(C[C@@H]2C)C(=O)C=C)C2=CC(F)=C(N=C12)C1=C(O)C=CC=C1F,0.6872219,0.324398368
TP_9004,O=C(NC1=CC=C(C=C1)C1(CCCC1)C#N)C1=CC=CN=C1NCC1=CC=NC=C1,0.864606559,0.402215148
TP_9004,CN(C)C\C=C\C(=O)NC1=C(O[C@H]2CCOC2)C=C2N=CN=C(NC3=CC(Cl)=C(F)C=C3)C2=C1,0.312827212,0.160155365
TP_9004,COCCOC1=CC2=C(C=C1OCCOC)C(NC1=CC(=CC=C1)C#C)=NC=N2,0.158454918,0.092433867
TP_9004,NC(=O)N(C1=CC=C(C(N)=O)C(=N1)C1=CC=C(F)C=C1F)C1=C(F)C=CC=C1F,0.470048634,0.229126745
TP_9004,CN(C)CCNS(=O)(=O)CC1=CC(NC2=NC(OC3=CC4=C(NC(C)=C4)C=C3)=CC=N2)=CC=C1,0.256121832,0.135279313
TP_9004,CC1=CN(C=N1)C1=CC(NC(=O)C2=CC=C(C)C(NC3=NC=CC(=N3)C3=CN=CC=C3)=C2)=CC(=C1)C(F)(F)F,0.3590197,0.180419522
TP_9004,NC1(CCN(CC1)C1=C2C=CNC2=NC=N1)C(=O)N[C@@H](CCO)C1=CC=C(Cl)C=C1,0.061554495,0.049924673
TP_9004,[H][C@]12[C@H](OC(=O)C3=CC=CC=C3)[C@]3(O)C[C@H](OC(=O)[C@H](O)[C@@H](NC(=O)C4=CC=CC=C4)C4=CC=CC=C4)C(C)=C([C@@H](OC(C)=O)C(=O)[C@]1(C)[C@@H](O)C[C@H]1OC[C@@]21OC(C)=O)C3(C)C,0.324088393,0.165095526
TP_9004,N[Pt](N)(Cl)Cl,0.458031332,0.223854882
TP_9004,NC1=NC(=O)N(C=C1)[C@@H]1O[C@H](CO)[C@@H](O)C1(F)F,0.10162711,0.067504107
TP_9007,COC1=C(OCCCN2CCOCC2)C=C2C(NC3=CC(Cl)=C(F)C=C3)=NC=NC2=C1,0.747999885,0.351061029
TP_9007,COC1=C(NC(=O)\C=C\CN2CCCCC2)C=C2C(NC3=CC(Cl)=C(F)C=C3)=NC=NC2=C1,0.741154657,0.3480581
TP_9007,COC1=C(NC2=NC=CC(=N2)C2=CN(C)C3=C2C=CC=C3)C=C(NC(=O)C=C)C(=C1)N(C)CCN(C)C,0.842336377,0.392445453
TP_9007,CCC1=CC2=C(C=C1N1CCC(CC1)N1CCOCC1)C(C)(C)C1=C(C3=CC=C(C=C3N1)C#N)C2=O,0.901712743,0.418493239
TP_9007,COC1=CC(=CC=C1NC1=NC=C(Cl)C(NC2=CC=CC=C2P(C)(C)=O)=N1)N1CCC(CC1)N1CCN(C)CC1,0.102764578,0.068003102
TP_9007,C[C@@H](OC1=CC(=CN=C1N)C1=CN(N=C1)C1CCNCC1)C1=C(Cl)C=CC(F)=C1Cl,0.267420227,0.140235799
TP_9007,CN1CCN(CC1)C1=CC=C(C(=O)NC2=NNC3=CC=C(CC4=CC(F)=CC(F)=C4)C=C23)C(NC2CCOCC2)=C1,0.125160759,0.07782807
TP_9007,O[C@H]1CCN(C1)C(=O)NC1=C2N=C(C=CN2N=C1)N1CCC[C@@H]1C1=C(F)C=CC(F)=C1,0.998075677,0.460766643
TP_9007,C[C@@H](OC1=CC(=NN=C1N)C(=O)NC1=CC=C(C=C1)C(=O)N1C[C@H](C)N[C@H](C)C1)C1=C(Cl)C=CC(F)=C1Cl,0.353382522,0.177946552
TP_9007,CC(C)(C)C1=NC(=C(S1)C1=NC(N)=NC=C1)C1=C(F)C(NS(=O)(=O)C2=C(F)C=CC=C2F)=CC=C1,0.846657836,0.394341232
TP_9007,C[C@H](N1N=NC2=NC=C(N=C12)C1=CN(C)N=C1)C1=CN2C=CN=C2C=C1,0.909175413,0.421767034
TP_9007,COC1=NC=C(CN2C3CC2CN(C3)C2=CC=C(C=N2)C2=CC(OCC(C)(C)O)=CN3N=CC(C#N)=C23)C=C1,0.589280002,0.281432289
TP_9007,COC1=C(OCC2CCN(C)CC2)C=C2N=CN=C(NC3=C(F)C=C(Br)C=C3)C2=C1,0.428995258,0.211117062
TP_9007,CC(C)C1=NC=CC(C)=C1N1C(=O)N=C(N2CCN(C[C@@H]2C)C(=O)C=C)C2=CC(F)=C(N=C12)C1=C(O)C=CC=C1F,0.939298572,0.434981746
TP_9007,O=C(NC1=CC=C(C=C1)C1(CCCC1)C#N)C1=CC=CN=C1NCC1=CC=NC=C1,0.869868469,0.404523492
TP_9007,CN(C)C\C=C\C(=O)NC1=C(O[C@H]2CCOC2)C=C2N=CN=C(NC3=CC(Cl)=C(F)C=C3)C2=C1,0.158286123,0.092359818
TP_9007,COCCOC1=CC2=C(C=C1OCCOC)C(NC1=CC(=CC=C1)C#C)=NC=N2,0.569647104,0.272819544
TP_9007,NC(=O)N(C1=CC=C(C(N)=O)C(=N1)C1=CC=C(F)C=C1F)C1=C(F)C=CC=C1F,1.027825648,0.473817641
TP_9007,CN(C)CCNS(=O)(=O)CC1=CC(NC2=NC(OC3=CC4=C(NC(C)=C4)C=C3)=CC=N2)=CC=C1,1.116884091,0.512886641
TP_9007,CC1=CN(C=N1)C1=CC(NC(=O)C2=CC=C(C)C(NC3=NC=CC(=N3)C3=CN=CC=C3)=C2)=CC(=C1)C(F)(F)F,0.91049822,0.422347335
TP_9007,NC1(CCN(CC1)C1=C2C=CNC2=NC=N1)C(=O)N[C@@H](CCO)C1=CC=C(Cl)C=C1,0.198935537,0.110192288
TP_9007,[H][C@]12[C@H](OC(=O)C3=CC=CC=C3)[C@]3(O)C[C@H](OC(=O)[C@H](O)[C@@H](NC(=O)C4=CC=CC=C4)C4=CC=CC=C4)C(C)=C([C@@H](OC(C)=O)C(=O)[C@]1(C)[C@@H](O)C[C@H]1OC[C@@]21OC(C)=O)C3(C)C,0.316222041,0.161644641
TP_9007,N[Pt](N)(Cl)Cl,0.899903603,0.417699589
TP_9007,NC1=NC(=O)N(C=C1)[C@@H]1O[C@H](CO)[C@@H](O)C1(F)F,0.07983476,0.057944033
TP_9012,COC1=C(OCCCN2CCOCC2)C=C2C(NC3=CC(Cl)=C(F)C=C3)=NC=NC2=C1,0.239751017,0.128097609
TP_9012,COC1=C(NC(=O)\C=C\CN2CCCCC2)C=C2C(NC3=CC(Cl)=C(F)C=C3)=NC=NC2=C1,0.180154024,0.101953036
TP_9012,COC1=C(NC2=NC=CC(=N2)C2=CN(C)C3=C2C=CC=C3)C=C(NC(=O)C=C)C(=C1)N(C)CCN(C)C,0.232290602,0.124824803
TP_9012,CCC1=CC2=C(C=C1N1CCC(CC1)N1CCOCC1)C(C)(C)C1=C(C3=CC=C(C=C3N1)C#N)C2=O,0.618110361,0.294079864
TP_9012,COC1=CC(=CC=C1NC1=NC=C(Cl)C(NC2=CC=CC=C2P(C)(C)=O)=N1)N1CCC(CC1)N1CCN(C)CC1,0.00580204,0.025466659
TP_9012,C[C@@H](OC1=CC(=CN=C1N)C1=CN(N=C1)C1CCNCC1)C1=C(Cl)C=CC(F)=C1Cl,-0.002112724,0.021994535
TP_9012,CN1CCN(CC1)C1=CC=C(C(=O)NC2=NNC3=CC=C(CC4=CC(F)=CC(F)=C4)C=C23)C(NC2CCOCC2)=C1,-0.001240373,0.022377226
TP_9012,O[C@H]1CCN(C1)C(=O)NC1=C2N=C(C=CN2N=C1)N1CCC[C@@H]1C1=C(F)C=CC(F)=C1,0.748031532,0.351074912
TP_9012,C[C@@H](OC1=CC(=NN=C1N)C(=O)NC1=CC=C(C=C1)C(=O)N1C[C@H](C)N[C@H](C)C1)C1=C(Cl)C=CC(F)=C1Cl,0.037407277,0.039331543
TP_9012,CC(C)(C)C1=NC(=C(S1)C1=NC(N)=NC=C1)C1=C(F)C(NS(=O)(=O)C2=C(F)C=CC=C2F)=CC=C1,0.252034157,0.133486093
TP_9012,C[C@H](N1N=NC2=NC=C(N=C12)C1=CN(C)N=C1)C1=CN2C=CN=C2C=C1,0.507045395,0.245356834
TP_9012,COC1=NC=C(CN2C3CC2CN(C3)C2=CC=C(C=N2)C2=CC(OCC(C)(C)O)=CN3N=CC(C#N)=C23)C=C1,0.350981462,0.176893232
TP_9012,COC1=C(OCC2CCN(C)CC2)C=C2N=CN=C(NC3=C(F)C=C(Br)C=C3)C2=C1,0.016271094,0.030059322
TP_9012,CC(C)C1=NC=CC(C)=C1N1C(=O)N=C(N2CCN(C[C@@H]2C)C(=O)C=C)C2=CC(F)=C(N=C12)C1=C(O)C=CC=C1F,0.719126059,0.338394386
TP_9012,O=C(NC1=CC=C(C=C1)C1(CCCC1)C#N)C1=CC=CN=C1NCC1=CC=NC=C1,0.350548432,0.176703266
TP_9012,CN(C)C\C=C\C(=O)NC1=C(O[C@H]2CCOC2)C=C2N=CN=C(NC3=CC(Cl)=C(F)C=C3)C2=C1,0.228602916,0.123207054
TP_9012,COCCOC1=CC2=C(C=C1OCCOC)C(NC1=CC(=CC=C1)C#C)=NC=N2,0.217508406,0.11834001
TP_9012,NC(=O)N(C1=CC=C(C(N)=O)C(=N1)C1=CC=C(F)C=C1F)C1=C(F)C=CC=C1F,0.498116586,0.24143986
TP_9012,CN(C)CCNS(=O)(=O)CC1=CC(NC2=NC(OC3=CC4=C(NC(C)=C4)C=C3)=CC=N2)=CC=C1,0.346196708,0.174794211
TP_9012,CC1=CN(C=N1)C1=CC(NC(=O)C2=CC=C(C)C(NC3=NC=CC(=N3)C3=CN=CC=C3)=C2)=CC(=C1)C(F)(F)F,0.553571987,0.26576756
TP_9012,NC1(CCN(CC1)C1=C2C=CNC2=NC=N1)C(=O)N[C@@H](CCO)C1=CC=C(Cl)C=C1,0.083611533,0.059600863
TP_9012,[H][C@]12[C@H](OC(=O)C3=CC=CC=C3)[C@]3(O)C[C@H](OC(=O)[C@H](O)[C@@H](NC(=O)C4=CC=CC=C4)C4=CC=CC=C4)C(C)=C([C@@H](OC(C)=O)C(=O)[C@]1(C)[C@@H](O)C[C@H]1OC[C@@]21OC(C)=O)C3(C)C,0.386320038,0.192395893
TP_9012,N[Pt](N)(Cl)Cl,0.552955816,0.265497252
TP_9012,NC1=NC(=O)N(C=C1)[C@@H]1O[C@H](CO)[C@@H](O)C1(F)F,0.103810393,0.06846189
TP_9013,COC1=C(NC(=O)\C=C\CN2CCCCC2)C=C2C(NC3=CC(Cl)=C(F)C=C3)=NC=NC2=C1,1.456174454,0.661729747
TP_9013,COC1=C(NC2=NC=CC(=N2)C2=CN(C)C3=C2C=CC=C3)C=C(NC(=O)C=C)C(=C1)N(C)CCN(C)C,0.668280816,0.316089114
TP_9013,CCC1=CC2=C(C=C1N1CCC(CC1)N1CCOCC1)C(C)(C)C1=C(C3=CC=C(C=C3N1)C#N)C2=O,0.697097729,0.32873079
TP_9013,COC1=CC(=CC=C1NC1=NC=C(Cl)C(NC2=CC=CC=C2P(C)(C)=O)=N1)N1CCC(CC1)N1CCN(C)CC1,0.768370556,0.359997428
TP_9013,C[C@@H](OC1=CC(=CN=C1N)C1=CN(N=C1)C1CCNCC1)C1=C(Cl)C=CC(F)=C1Cl,0.656060031,0.310727984
TP_9013,CN1CCN(CC1)C1=CC=C(C(=O)NC2=NNC3=CC=C(CC4=CC(F)=CC(F)=C4)C=C23)C(NC2CCOCC2)=C1,0.769004226,0.360275412
TP_9013,CC(C)(C)C1=NC(=C(S1)C1=NC(N)=NC=C1)C1=C(F)C(NS(=O)(=O)C2=C(F)C=CC=C2F)=CC=C1,1.234389833,0.564435171
TP_9013,C[C@H](N1N=NC2=NC=C(N=C12)C1=CN(C)N=C1)C1=CN2C=CN=C2C=C1,1.114475264,0.511829914
TP_9013,COC1=NC=C(CN2C3CC2CN(C3)C2=CC=C(C=N2)C2=CC(OCC(C)(C)O)=CN3N=CC(C#N)=C23)C=C1,1.083455591,0.498221911
TP_9013,CC(C)C1=NC=CC(C)=C1N1C(=O)N=C(N2CCN(C[C@@H]2C)C(=O)C=C)C2=CC(F)=C(N=C12)C1=C(O)C=CC=C1F,0.74610157,0.350228258
TP_9013,O=C(NC1=CC=C(C=C1)C1(CCCC1)C#N)C1=CC=CN=C1NCC1=CC=NC=C1,0.676277132,0.319597013
TP_9013,CN(C)C\C=C\C(=O)NC1=C(O[C@H]2CCOC2)C=C2N=CN=C(NC3=CC(Cl)=C(F)C=C3)C2=C1,0.565837444,0.271148286
TP_9013,COC1=C(OCCCN2CCOCC2)C=C2C(NC3=CC(Cl)=C(F)C=C3)=NC=NC2=C1,0.556362563,0.266991756
TP_9013,O[C@H]1CCN(C1)C(=O)NC1=C2N=C(C=CN2N=C1)N1CCC[C@@H]1C1=C(F)C=CC(F)=C1,0.521933141,0.251887932
TP_9013,C[C@@H](OC1=CC(=NN=C1N)C(=O)NC1=CC=C(C=C1)C(=O)N1C[C@H](C)N[C@H](C)C1)C1=C(Cl)C=CC(F)=C1Cl,0.662517433,0.313560778
TP_9013,COC1=C(OCC2CCN(C)CC2)C=C2N=CN=C(NC3=C(F)C=C(Br)C=C3)C2=C1,0.403617835,0.199984254
TP_V017,COC1=C(OCCCN2CCOCC2)C=C2C(NC3=CC(Cl)=C(F)C=C3)=NC=NC2=C1,0.221195685,0.11995758
TP_V017,COC1=C(NC(=O)\C=C\CN2CCCCC2)C=C2C(NC3=CC(Cl)=C(F)C=C3)=NC=NC2=C1,0.111904584,0.072012726
TP_V017,COC1=C(NC2=NC=CC(=N2)C2=CN(C)C3=C2C=CC=C3)C=C(NC(=O)C=C)C(=C1)N(C)CCN(C)C,0.107397175,0.070035373
TP_V017,CCC1=CC2=C(C=C1N1CCC(CC1)N1CCOCC1)C(C)(C)C1=C(C3=CC=C(C=C3N1)C#N)C2=O,0.45085634,0.220707288
TP_V017,COC1=CC(=CC=C1NC1=NC=C(Cl)C(NC2=CC=CC=C2P(C)(C)=O)=N1)N1CCC(CC1)N1CCN(C)CC1,-0.0000475,0.022900527
TP_V017,C[C@@H](OC1=CC(=CN=C1N)C1=CN(N=C1)C1CCNCC1)C1=C(Cl)C=CC(F)=C1Cl,0.001893927,0.023752211
TP_V017,CN1CCN(CC1)C1=CC=C(C(=O)NC2=NNC3=CC=C(CC4=CC(F)=CC(F)=C4)C=C23)C(NC2CCOCC2)=C1,0.000441237,0.023114931
TP_V017,O[C@H]1CCN(C1)C(=O)NC1=C2N=C(C=CN2N=C1)N1CCC[C@@H]1C1=C(F)C=CC(F)=C1,0.421598908,0.207872361
TP_V017,C[C@@H](OC1=CC(=NN=C1N)C(=O)NC1=CC=C(C=C1)C(=O)N1C[C@H](C)N[C@H](C)C1)C1=C(Cl)C=CC(F)=C1Cl,0.146293946,0.087098977
TP_V017,CC(C)(C)C1=NC(=C(S1)C1=NC(N)=NC=C1)C1=C(F)C(NS(=O)(=O)C2=C(F)C=CC=C2F)=CC=C1,0.159612526,0.092941697
TP_V017,C[C@H](N1N=NC2=NC=C(N=C12)C1=CN(C)N=C1)C1=CN2C=CN=C2C=C1,0.791871729,0.370307144
TP_V017,COC1=NC=C(CN2C3CC2CN(C3)C2=CC=C(C=N2)C2=CC(OCC(C)(C)O)=CN3N=CC(C#N)=C23)C=C1,0.992329258,0.458245749
TP_V017,COC1=C(OCC2CCN(C)CC2)C=C2N=CN=C(NC3=C(F)C=C(Br)C=C3)C2=C1,0.018009273,0.030821843
TP_V017,CC(C)C1=NC=CC(C)=C1N1C(=O)N=C(N2CCN(C[C@@H]2C)C(=O)C=C)C2=CC(F)=C(N=C12)C1=C(O)C=CC=C1F,0.55274823,0.265406186
TP_V017,O=C(NC1=CC=C(C=C1)C1(CCCC1)C#N)C1=CC=CN=C1NCC1=CC=NC=C1,0.694894544,0.327764276
TP_V017,CN(C)C\C=C\C(=O)NC1=C(O[C@H]2CCOC2)C=C2N=CN=C(NC3=CC(Cl)=C(F)C=C3)C2=C1,0.142614705,0.085484933
TP_V017,COCCOC1=CC2=C(C=C1OCCOC)C(NC1=CC(=CC=C1)C#C)=NC=N2,0.153978264,0.090470006
TP_V017,NC(=O)N(C1=CC=C(C(N)=O)C(=N1)C1=CC=C(F)C=C1F)C1=C(F)C=CC=C1F,1.038801735,0.478632735
TP_V017,CN(C)CCNS(=O)(=O)CC1=CC(NC2=NC(OC3=CC4=C(NC(C)=C4)C=C3)=CC=N2)=CC=C1,0.474425203,0.2310467
TP_V017,CC1=CN(C=N1)C1=CC(NC(=O)C2=CC=C(C)C(NC3=NC=CC(=N3)C3=CN=CC=C3)=C2)=CC(=C1)C(F)(F)F,0.568619199,0.272368613
TP_V017,NC1(CCN(CC1)C1=C2C=CNC2=NC=N1)C(=O)N[C@@H](CCO)C1=CC=C(Cl)C=C1,0.187620916,0.105228683
TP_V017,[H][C@]12[C@H](OC(=O)C3=CC=CC=C3)[C@]3(O)C[C@H](OC(=O)[C@H](O)[C@@H](NC(=O)C4=CC=CC=C4)C4=CC=CC=C4)C(C)=C([C@@H](OC(C)=O)C(=O)[C@]1(C)[C@@H](O)C[C@H]1OC[C@@]21OC(C)=O)C3(C)C,0.19305153,0.107611036
TP_V017,N[Pt](N)(Cl)Cl,0.852097235,0.396727439
TP_V017,NC1=NC(=O)N(C=C1)[C@@H]1O[C@H](CO)[C@@H](O)C1(F)F,0.091186793,0.06292405
TP_V021,COC1=C(OCCCN2CCOCC2)C=C2C(NC3=CC(Cl)=C(F)C=C3)=NC=NC2=C1,0.307344064,0.157749966
TP_V021,COC1=C(NC(=O)\C=C\CN2CCCCC2)C=C2C(NC3=CC(Cl)=C(F)C=C3)=NC=NC2=C1,0.14637827,0.087135969
TP_V021,COC1=C(NC2=NC=CC(=N2)C2=CN(C)C3=C2C=CC=C3)C=C(NC(=O)C=C)C(=C1)N(C)CCN(C)C,0.376760563,0.188202252
TP_V021,CCC1=CC2=C(C=C1N1CCC(CC1)N1CCOCC1)C(C)(C)C1=C(C3=CC=C(C=C3N1)C#N)C2=O,0.623239437,0.296329936
TP_V021,COC1=CC(=CC=C1NC1=NC=C(Cl)C(NC2=CC=CC=C2P(C)(C)=O)=N1)N1CCC(CC1)N1CCN(C)CC1,-0.015593561,0.016080634
TP_V021,C[C@@H](OC1=CC(=CN=C1N)C1=CN(N=C1)C1CCNCC1)C1=C(Cl)C=CC(F)=C1Cl,0.013581489,0.028879421
TP_V021,CN1CCN(CC1)C1=CC=C(C(=O)NC2=NNC3=CC=C(CC4=CC(F)=CC(F)=C4)C=C23)C(NC2CCOCC2)=C1,0.029678068,0.03594082
TP_V021,O[C@H]1CCN(C1)C(=O)NC1=C2N=C(C=CN2N=C1)N1CCC[C@@H]1C1=C(F)C=CC(F)=C1,0.469315895,0.2288053
TP_V021,C[C@@H](OC1=CC(=NN=C1N)C(=O)NC1=CC=C(C=C1)C(=O)N1C[C@H](C)N[C@H](C)C1)C1=C(Cl)C=CC(F)=C1Cl,0.118209256,0.074778519
TP_V021,CC(C)(C)C1=NC(=C(S1)C1=NC(N)=NC=C1)C1=C(F)C(NS(=O)(=O)C2=C(F)C=CC=C2F)=CC=C1,0.541750503,0.260581599
TP_V021,C[C@H](N1N=NC2=NC=C(N=C12)C1=CN(C)N=C1)C1=CN2C=CN=C2C=C1,1.566901408,0.710304494
TP_V021,COC1=NC=C(CN2C3CC2CN(C3)C2=CC=C(C=N2)C2=CC(OCC(C)(C)O)=CN3N=CC(C#N)=C23)C=C1,0.468309859,0.228363963
TP_V021,COC1=C(OCC2CCN(C)CC2)C=C2N=CN=C(NC3=C(F)C=C(Br)C=C3)C2=C1,0.044768612,0.042560883
TP_V021,CC(C)C1=NC=CC(C)=C1N1C(=O)N=C(N2CCN(C[C@@H]2C)C(=O)C=C)C2=CC(F)=C(N=C12)C1=C(O)C=CC=C1F,0.592052314,0.282648474
TP_V021,O=C(NC1=CC=C(C=C1)C1(CCCC1)C#N)C1=CC=CN=C1NCC1=CC=NC=C1,0.296277666,0.152895254
TP_V021,CN(C)C\C=C\C(=O)NC1=C(O[C@H]2CCOC2)C=C2N=CN=C(NC3=CC(Cl)=C(F)C=C3)C2=C1,0.456237425,0.223067914
TP_V021,COCCOC1=CC2=C(C=C1OCCOC)C(NC1=CC(=CC=C1)C#C)=NC=N2,0.549798793,0.264112299
TP_V021,NC(=O)N(C1=CC=C(C(N)=O)C(=N1)C1=CC=C(F)C=C1F)C1=C(F)C=CC=C1F,0.457243461,0.223509251
TP_V021,CN(C)CCNS(=O)(=O)CC1=CC(NC2=NC(OC3=CC4=C(NC(C)=C4)C=C3)=CC=N2)=CC=C1,0.188631791,0.105672143
TP_V021,CC1=CN(C=N1)C1=CC(NC(=O)C2=CC=C(C)C(NC3=NC=CC(=N3)C3=CN=CC=C3)=C2)=CC(=C1)C(F)(F)F,1.022635815,0.471540916
TP_V021,NC1(CCN(CC1)C1=C2C=CNC2=NC=N1)C(=O)N[C@@H](CCO)C1=CC=C(Cl)C=C1,0.274144869,0.143185829
TP_V021,[H][C@]12[C@H](OC(=O)C3=CC=CC=C3)[C@]3(O)C[C@H](OC(=O)[C@H](O)[C@@H](NC(=O)C4=CC=CC=C4)C4=CC=CC=C4)C(C)=C([C@@H](OC(C)=O)C(=O)[C@]1(C)[C@@H](O)C[C@H]1OC[C@@]21OC(C)=O)C3(C)C,0.868712274,0.404016281
TP_V021,N[Pt](N)(Cl)Cl,0.532696177,0.256609562
TP_V021,NC1=NC(=O)N(C=C1)[C@@H]1O[C@H](CO)[C@@H](O)C1(F)F,0.102112676,0.067717119
TP_V032,COC1=C(OCCCN2CCOCC2)C=C2C(NC3=CC(Cl)=C(F)C=C3)=NC=NC2=C1,1.545718433,0.701011746
TP_V032,COC1=C(NC(=O)\C=C\CN2CCCCC2)C=C2C(NC3=CC(Cl)=C(F)C=C3)=NC=NC2=C1,0.24383164,0.129887735
TP_V032,COC1=C(NC2=NC=CC(=N2)C2=CN(C)C3=C2C=CC=C3)C=C(NC(=O)C=C)C(=C1)N(C)CCN(C)C,0.208998549,0.114606825
TP_V032,CCC1=CC2=C(C=C1N1CCC(CC1)N1CCOCC1)C(C)(C)C1=C(C3=CC=C(C=C3N1)C#N)C2=O,0.391872279,0.194831603
TP_V032,COC1=CC(=CC=C1NC1=NC=C(Cl)C(NC2=CC=CC=C2P(C)(C)=O)=N1)N1CCC(CC1)N1CCN(C)CC1,0.034833091,0.038202275
TP_V032,C[C@@H](OC1=CC(=CN=C1N)C1=CN(N=C1)C1CCNCC1)C1=C(Cl)C=CC(F)=C1Cl,-0.052249637,0
TP_V032,CN1CCN(CC1)C1=CC=C(C(=O)NC2=NNC3=CC=C(CC4=CC(F)=CC(F)=C4)C=C23)C(NC2CCOCC2)=C1,-0.043541364,0.003820228
TP_V032,O[C@H]1CCN(C1)C(=O)NC1=C2N=C(C=CN2N=C1)N1CCC[C@@H]1C1=C(F)C=CC(F)=C1,0.674891147,0.318988996
TP_V032,C[C@@H](OC1=CC(=NN=C1N)C(=O)NC1=CC=C(C=C1)C(=O)N1C[C@H](C)N[C@H](C)C1)C1=C(Cl)C=CC(F)=C1Cl,0.252539913,0.133707962
TP_V032,CC(C)(C)C1=NC(=C(S1)C1=NC(N)=NC=C1)C1=C(F)C(NS(=O)(=O)C2=C(F)C=CC=C2F)=CC=C1,0.152394775,0.089775346
TP_V032,C[C@H](N1N=NC2=NC=C(N=C12)C1=CN(C)N=C1)C1=CN2C=CN=C2C=C1,0.583454282,0.278876608
TP_V032,COC1=NC=C(CN2C3CC2CN(C3)C2=CC=C(C=N2)C2=CC(OCC(C)(C)O)=CN3N=CC(C#N)=C23)C=C1,0.831640058,0.387753091
TP_V032,COC1=C(OCC2CCN(C)CC2)C=C2N=CN=C(NC3=C(F)C=C(Br)C=C3)C2=C1,0.052249637,0.04584273
TP_V032,CC(C)C1=NC=CC(C)=C1N1C(=O)N=C(N2CCN(C[C@@H]2C)C(=O)C=C)C2=CC(F)=C(N=C12)C1=C(O)C=CC=C1F,0.557329463,0.267415925
TP_V032,O=C(NC1=CC=C(C=C1)C1(CCCC1)C#N)C1=CC=CN=C1NCC1=CC=NC=C1,0.156748911,0.09168546
TP_V032,CN(C)C\C=C\C(=O)NC1=C(O[C@H]2CCOC2)C=C2N=CN=C(NC3=CC(Cl)=C(F)C=C3)C2=C1,1.179970972,0.540562191
TP_V032,COCCOC1=CC2=C(C=C1OCCOC)C(NC1=CC(=CC=C1)C#C)=NC=N2,0,0.022921365
TP_V032,NC(=O)N(C1=CC=C(C(N)=O)C(=N1)C1=CC=C(F)C=C1F)C1=C(F)C=CC=C1F,1.127721335,0.517640826
TP_V032,CN(C)CCNS(=O)(=O)CC1=CC(NC2=NC(OC3=CC4=C(NC(C)=C4)C=C3)=CC=N2)=CC=C1,1.001451379,0.462247527
TP_V032,CC1=CN(C=N1)C1=CC(NC(=O)C2=CC=C(C)C(NC3=NC=CC(=N3)C3=CN=CC=C3)=C2)=CC(=C1)C(F)(F)F,0.727140784,0.341910361
TP_V032,NC1(CCN(CC1)C1=C2C=CNC2=NC=N1)C(=O)N[C@@H](CCO)C1=CC=C(Cl)C=C1,0.444121916,0.217752967
TP_V032,[H][C@]12[C@H](OC(=O)C3=CC=CC=C3)[C@]3(O)C[C@H](OC(=O)[C@H](O)[C@@H](NC(=O)C4=CC=CC=C4)C4=CC=CC=C4)C(C)=C([C@@H](OC(C)=O)C(=O)[C@]1(C)[C@@H](O)C[C@H]1OC[C@@]21OC(C)=O)C3(C)C,0.705370102,0.332359793
TP_V032,N[Pt](N)(Cl)Cl,0.962264151,0.445056504
TP_V032,NC1=NC(=O)N(C=C1)[C@@H]1O[C@H](CO)[C@@H](O)C1(F)F,0.287373004,0.148988872
TP_V082,COC1=C(OCCCN2CCOCC2)C=C2C(NC3=CC(Cl)=C(F)C=C3)=NC=NC2=C1,2.159851301,0.970425361
TP_V082,COC1=C(NC(=O)\C=C\CN2CCCCC2)C=C2C(NC3=CC(Cl)=C(F)C=C3)=NC=NC2=C1,0.12267658,0.076738287
TP_V082,COC1=C(NC2=NC=CC(=N2)C2=CN(C)C3=C2C=CC=C3)C=C(NC(=O)C=C)C(=C1)N(C)CCN(C)C,2.524163569,1
TP_V082,CCC1=CC2=C(C=C1N1CCC(CC1)N1CCOCC1)C(C)(C)C1=C(C3=CC=C(C=C3N1)C#N)C2=O,0.6133829,0.292005977
TP_V082,COC1=CC(=CC=C1NC1=NC=C(Cl)C(NC2=CC=CC=C2P(C)(C)=O)=N1)N1CCC(CC1)N1CCN(C)CC1,0.130111524,0.079999919
TP_V082,C[C@@H](OC1=CC(=CN=C1N)C1=CN(N=C1)C1CCNCC1)C1=C(Cl)C=CC(F)=C1Cl,-0.040892193,0.004982391
TP_V082,CN1CCN(CC1)C1=CC=C(C(=O)NC2=NNC3=CC=C(CC4=CC(F)=CC(F)=C4)C=C23)C(NC2CCOCC2)=C1,0.040892193,0.040860339
TP_V082,O[C@H]1CCN(C1)C(=O)NC1=C2N=C(C=CN2N=C1)N1CCC[C@@H]1C1=C(F)C=CC(F)=C1,3.163568773,1
TP_V082,C[C@@H](OC1=CC(=NN=C1N)C(=O)NC1=CC=C(C=C1)C(=O)N1C[C@H](C)N[C@H](C)C1)C1=C(Cl)C=CC(F)=C1Cl,0.152416357,0.089784814
TP_V082,CC(C)(C)C1=NC(=C(S1)C1=NC(N)=NC=C1)C1=C(F)C(NS(=O)(=O)C2=C(F)C=CC=C2F)=CC=C1,0.776951673,0.363761873
TP_V082,C[C@H](N1N=NC2=NC=C(N=C12)C1=CN(C)N=C1)C1=CN2C=CN=C2C=C1,1.721189591,0.777989093
TP_V082,COC1=NC=C(CN2C3CC2CN(C3)C2=CC=C(C=N2)C2=CC(OCC(C)(C)O)=CN3N=CC(C#N)=C23)C=C1,0.75464684,0.353976978
TP_V082,COC1=C(OCC2CCN(C)CC2)C=C2N=CN=C(NC3=C(F)C=C(Br)C=C3)C2=C1,0.241635688,0.128924394
TP_V082,CC(C)C1=NC=CC(C)=C1N1C(=O)N=C(N2CCN(C[C@@H]2C)C(=O)C=C)C2=CC(F)=C(N=C12)C1=C(O)C=CC=C1F,0.420074349,0.207203553
TP_V082,O=C(NC1=CC=C(C=C1)C1(CCCC1)C#N)C1=CC=CN=C1NCC1=CC=NC=C1,1.223048327,0.559459772
TP_V082,CN(C)C\C=C\C(=O)NC1=C(O[C@H]2CCOC2)C=C2N=CN=C(NC3=CC(Cl)=C(F)C=C3)C2=C1,0.412639405,0.203941922
TP_V082,COCCOC1=CC2=C(C=C1OCCOC)C(NC1=CC(=CC=C1)C#C)=NC=N2,1.855018587,0.836698463
TP_V082,NC(=O)N(C1=CC=C(C(N)=O)C(=N1)C1=CC=C(F)C=C1F)C1=C(F)C=CC=C1F,1.988847584,0.895407833
TP_V082,CN(C)CCNS(=O)(=O)CC1=CC(NC2=NC(OC3=CC4=C(NC(C)=C4)C=C3)=CC=N2)=CC=C1,3.223048327,1
TP_V082,CC1=CN(C=N1)C1=CC(NC(=O)C2=CC=C(C)C(NC3=NC=CC(=N3)C3=CN=CC=C3)=C2)=CC(=C1)C(F)(F)F,4.546468401,1
TP_V082,NC1(CCN(CC1)C1=C2C=CNC2=NC=N1)C(=O)N[C@@H](CCO)C1=CC=C(Cl)C=C1,0.405204461,0.20068029
TP_V082,[H][C@]12[C@H](OC(=O)C3=CC=CC=C3)[C@]3(O)C[C@H](OC(=O)[C@H](O)[C@@H](NC(=O)C4=CC=CC=C4)C4=CC=CC=C4)C(C)=C([C@@H](OC(C)=O)C(=O)[C@]1(C)[C@@H](O)C[C@H]1OC[C@@]21OC(C)=O)C3(C)C,0.301115242,0.155017447
TP_V082,N[Pt](N)(Cl)Cl,1.342007435,0.611645879
TP_V082,NC1=NC(=O)N(C=C1)[C@@H]1O[C@H](CO)[C@@H](O)C1(F)F,0.107806691,0.070215024
TP_V126,COC1=C(OCCCN2CCOCC2)C=C2C(NC3=CC(Cl)=C(F)C=C3)=NC=NC2=C1,0.690756303,0.325948873
TP_V126,COC1=C(NC(=O)\C=C\CN2CCCCC2)C=C2C(NC3=CC(Cl)=C(F)C=C3)=NC=NC2=C1,0.045378151,0.042828281
TP_V126,COC1=C(NC2=NC=CC(=N2)C2=CN(C)C3=C2C=CC=C3)C=C(NC(=O)C=C)C(=C1)N(C)CCN(C)C,0.020168067,0.031768883
TP_V126,CCC1=CC2=C(C=C1N1CCC(CC1)N1CCOCC1)C(C)(C)C1=C(C3=CC=C(C=C3N1)C#N)C2=O,0.914285714,0.424008869
TP_V126,COC1=CC(=CC=C1NC1=NC=C(Cl)C(NC2=CC=CC=C2P(C)(C)=O)=N1)N1CCC(CC1)N1CCN(C)CC1,0.04789916,0.043934221
TP_V126,C[C@@H](OC1=CC(=CN=C1N)C1=CN(N=C1)C1CCNCC1)C1=C(Cl)C=CC(F)=C1Cl,0.005882353,0.025501891
TP_V126,CN1CCN(CC1)C1=CC=C(C(=O)NC2=NNC3=CC=C(CC4=CC(F)=CC(F)=C4)C=C23)C(NC2CCOCC2)=C1,0.004201681,0.024764598
TP_V126,O[C@H]1CCN(C1)C(=O)NC1=C2N=C(C=CN2N=C1)N1CCC[C@@H]1C1=C(F)C=CC(F)=C1,0.542016807,0.260698424
TP_V126,C[C@@H](OC1=CC(=NN=C1N)C(=O)NC1=CC=C(C=C1)C(=O)N1C[C@H](C)N[C@H](C)C1)C1=C(Cl)C=CC(F)=C1Cl,0.078151261,0.057205499
TP_V126,CC(C)(C)C1=NC(=C(S1)C1=NC(N)=NC=C1)C1=C(F)C(NS(=O)(=O)C2=C(F)C=CC=C2F)=CC=C1,0.378991597,0.189180983
TP_V126,C[C@H](N1N=NC2=NC=C(N=C12)C1=CN(C)N=C1)C1=CN2C=CN=C2C=C1,2.373109244,1
TP_V126,COC1=NC=C(CN2C3CC2CN(C3)C2=CC=C(C=N2)C2=CC(OCC(C)(C)O)=CN3N=CC(C#N)=C23)C=C1,1.119327731,0.51395864
TP_V126,COC1=C(OCC2CCN(C)CC2)C=C2N=CN=C(NC3=C(F)C=C(Br)C=C3)C2=C1,0.016806723,0.030294297
TP_V126,CC(C)C1=NC=CC(C)=C1N1C(=O)N=C(N2CCN(C[C@@H]2C)C(=O)C=C)C2=CC(F)=C(N=C12)C1=C(O)C=CC=C1F,1.487394958,0.675425853
TP_V126,O=C(NC1=CC=C(C=C1)C1(CCCC1)C#N)C1=CC=CN=C1NCC1=CC=NC=C1,0.413445378,0.204295494
TP_V126,CN(C)C\C=C\C(=O)NC1=C(O[C@H]2CCOC2)C=C2N=CN=C(NC3=CC(Cl)=C(F)C=C3)C2=C1,0.384033613,0.191392862
TP_V126,COCCOC1=CC2=C(C=C1OCCOC)C(NC1=CC(=CC=C1)C#C)=NC=N2,0.597478992,0.2850291
TP_V126,NC(=O)N(C1=CC=C(C(N)=O)C(=N1)C1=CC=C(F)C=C1F)C1=C(F)C=CC=C1F,1.320168067,0.602065178
TP_V126,CN(C)CCNS(=O)(=O)CC1=CC(NC2=NC(OC3=CC4=C(NC(C)=C4)C=C3)=CC=N2)=CC=C1,0.355462185,0.178858878
TP_V126,CC1=CN(C=N1)C1=CC(NC(=O)C2=CC=C(C)C(NC3=NC=CC(=N3)C3=CN=CC=C3)=C2)=CC(=C1)C(F)(F)F,0.539495798,0.259592484
TP_V126,NC1(CCN(CC1)C1=C2C=CNC2=NC=N1)C(=O)N[C@@H](CCO)C1=CC=C(Cl)C=C1,0.642857143,0.304936016
TP_V126,[H][C@]12[C@H](OC(=O)C3=CC=CC=C3)[C@]3(O)C[C@H](OC(=O)[C@H](O)[C@@H](NC(=O)C4=CC=CC=C4)C4=CC=CC=C4)C(C)=C([C@@H](OC(C)=O)C(=O)[C@]1(C)[C@@H](O)C[C@H]1OC[C@@]21OC(C)=O)C3(C)C,0.599159664,0.285766393
TP_V126,N[Pt](N)(Cl)Cl,1.105042017,0.507691648
TP_V126,NC1=NC(=O)N(C=C1)[C@@H]1O[C@H](CO)[C@@H](O)C1(F)F,0.016806723,0.030294297
TP_V133,COC1=C(OCCCN2CCOCC2)C=C2C(NC3=CC(Cl)=C(F)C=C3)=NC=NC2=C1,0.325100751,0.165539637
TP_V133,COC1=C(NC(=O)\C=C\CN2CCCCC2)C=C2C(NC3=CC(Cl)=C(F)C=C3)=NC=NC2=C1,0.055348098,0.047201992
TP_V133,COC1=C(NC2=NC=CC(=N2)C2=CN(C)C3=C2C=CC=C3)C=C(NC(=O)C=C)C(=C1)N(C)CCN(C)C,0.115909343,0.073769572
TP_V133,CCC1=CC2=C(C=C1N1CCC(CC1)N1CCOCC1)C(C)(C)C1=C(C3=CC=C(C=C3N1)C#N)C2=O,0.26032462,0.137123031
TP_V133,COC1=CC(=CC=C1NC1=NC=C(Cl)C(NC2=CC=CC=C2P(C)(C)=O)=N1)N1CCC(CC1)N1CCN(C)CC1,0.002329279,0.023943195
TP_V133,C[C@@H](OC1=CC(=CN=C1N)C1=CN(N=C1)C1CCNCC1)C1=C(Cl)C=CC(F)=C1Cl,0.006544164,0.025792221
TP_V133,CN1CCN(CC1)C1=CC=C(C(=O)NC2=NNC3=CC=C(CC4=CC(F)=CC(F)=C4)C=C23)C(NC2CCOCC2)=C1,0.002772951,0.024137829
TP_V133,O[C@H]1CCN(C1)C(=O)NC1=C2N=C(C=CN2N=C1)N1CCC[C@@H]1C1=C(F)C=CC(F)=C1,1.148334381,0.526683552
TP_V133,C[C@@H](OC1=CC(=NN=C1N)C(=O)NC1=CC=C(C=C1)C(=O)N1C[C@H](C)N[C@H](C)C1)C1=C(Cl)C=CC(F)=C1Cl,0.125448294,0.077954209
TP_V133,CC(C)(C)C1=NC(=C(S1)C1=NC(N)=NC=C1)C1=C(F)C(NS(=O)(=O)C2=C(F)C=CC=C2F)=CC=C1,0.612378452,0.291565336
TP_V133,C[C@H](N1N=NC2=NC=C(N=C12)C1=CN(C)N=C1)C1=CN2C=CN=C2C=C1,0.831330647,0.387617356
TP_V133,COC1=NC=C(CN2C3CC2CN(C3)C2=CC=C(C=N2)C2=CC(OCC(C)(C)O)=CN3N=CC(C#N)=C23)C=C1,0.088623507,0.061799563
TP_V133,COC1=C(OCC2CCN(C)CC2)C=C2N=CN=C(NC3=C(F)C=C(Br)C=C3)C2=C1,0.046030983,0.043114672
TP_V133,CC(C)C1=NC=CC(C)=C1N1C(=O)N=C(N2CCN(C[C@@H]2C)C(=O)C=C)C2=CC(F)=C(N=C12)C1=C(O)C=CC=C1F,0.845528155,0.393845653
TP_V133,O=C(NC1=CC=C(C=C1)C1(CCCC1)C#N)C1=CC=CN=C1NCC1=CC=NC=C1,0.11213813,0.07211518
TP_V133,CN(C)C\C=C\C(=O)NC1=C(O[C@H]2CCOC2)C=C2N=CN=C(NC3=CC(Cl)=C(F)C=C3)C2=C1,0.241468555,0.128851074
TP_V133,COCCOC1=CC2=C(C=C1OCCOC)C(NC1=CC(=CC=C1)C#C)=NC=N2,0.192442785,0.107343986
TP_V133,NC(=O)N(C1=CC=C(C(N)=O)C(=N1)C1=CC=C(F)C=C1F)C1=C(F)C=CC=C1F,0.540503568,0.260034582
TP_V133,CN(C)CCNS(=O)(=O)CC1=CC(NC2=NC(OC3=CC4=C(NC(C)=C4)C=C3)=CC=N2)=CC=C1,0.07553518,0.056057852
TP_V133,CC1=CN(C=N1)C1=CC(NC(=O)C2=CC=C(C)C(NC3=NC=CC(=N3)C3=CN=CC=C3)=C2)=CC(=C1)C(F)(F)F,0.126113802,0.07824616
TP_V133,NC1(CCN(CC1)C1=C2C=CNC2=NC=N1)C(=O)N[C@@H](CCO)C1=CC=C(Cl)C=C1,0.064443376,0.051191995
TP_V133,[H][C@]12[C@H](OC(=O)C3=CC=CC=C3)[C@]3(O)C[C@H](OC(=O)[C@H](O)[C@@H](NC(=O)C4=CC=CC=C4)C4=CC=CC=C4)C(C)=C([C@@H](OC(C)=O)C(=O)[C@]1(C)[C@@H](O)C[C@H]1OC[C@@]21OC(C)=O)C3(C)C,0.286057603,0.14841182
TP_V133,N[Pt](N)(Cl)Cl,0.262099309,0.137901569
TP_V133,NC1=NC(=O)N(C=C1)[C@@H]1O[C@H](CO)[C@@H](O)C1(F)F,0.269198063,0.141015717
TP_V158,COC1=C(OCCCN2CCOCC2)C=C2C(NC3=CC(Cl)=C(F)C=C3)=NC=NC2=C1,0.212157419,0.115992588
TP_V158,COC1=C(NC(=O)\C=C\CN2CCCCC2)C=C2C(NC3=CC(Cl)=C(F)C=C3)=NC=NC2=C1,0.33627063,0.170439745
TP_V158,COC1=C(NC2=NC=CC(=N2)C2=CN(C)C3=C2C=CC=C3)C=C(NC(=O)C=C)C(=C1)N(C)CCN(C)C,0.834665074,0.389080134
TP_V158,CCC1=CC2=C(C=C1N1CCC(CC1)N1CCOCC1)C(C)(C)C1=C(C3=CC=C(C=C3N1)C#N)C2=O,1.393249197,0.6341251
TP_V158,COC1=CC(=CC=C1NC1=NC=C(Cl)C(NC2=CC=CC=C2P(C)(C)=O)=N1)N1CCC(CC1)N1CCN(C)CC1,0.00903592,0.026885328
TP_V158,C[C@@H](OC1=CC(=CN=C1N)C1=CN(N=C1)C1CCNCC1)C1=C(Cl)C=CC(F)=C1Cl,0.005899485,0.025509407
TP_V158,CN1CCN(CC1)C1=CC=C(C(=O)NC2=NNC3=CC=C(CC4=CC(F)=CC(F)=C4)C=C23)C(NC2CCOCC2)=C1,0.010380106,0.027475008
TP_V158,O[C@H]1CCN(C1)C(=O)NC1=C2N=C(C=CN2N=C1)N1CCC[C@@H]1C1=C(F)C=CC(F)=C1,1.354715854,0.617220928
TP_V158,C[C@@H](OC1=CC(=NN=C1N)C(=O)NC1=CC=C(C=C1)C(=O)N1C[C@H](C)N[C@H](C)C1)C1=C(Cl)C=CC(F)=C1Cl,0.547009185,0.262888528
TP_V158,CC(C)(C)C1=NC(=C(S1)C1=NC(N)=NC=C1)C1=C(F)C(NS(=O)(=O)C2=C(F)C=CC=C2F)=CC=C1,0.93981032,0.435206245
TP_V158,C[C@H](N1N=NC2=NC=C(N=C12)C1=CN(C)N=C1)C1=CN2C=CN=C2C=C1,1.199387648,0.549080082
TP_V158,COC1=NC=C(CN2C3CC2CN(C3)C2=CC=C(C=N2)C2=CC(OCC(C)(C)O)=CN3N=CC(C#N)=C23)C=C1,0.767007692,0.359399553
TP_V158,COC1=C(OCC2CCN(C)CC2)C=C2N=CN=C(NC3=C(F)C=C(Br)C=C3)C2=C1,0.066089164,0.051913984
TP_V158,CC(C)C1=NC=CC(C)=C1N1C(=O)N=C(N2CCN(C[C@@H]2C)C(=O)C=C)C2=CC(F)=C(N=C12)C1=C(O)C=CC=C1F,4.981778807,1
TP_V158,O=C(NC1=CC=C(C=C1)C1(CCCC1)C#N)C1=CC=CN=C1NCC1=CC=NC=C1,1.457471436,0.662298719
TP_V158,CN(C)C\C=C\C(=O)NC1=C(O[C@H]2CCOC2)C=C2N=CN=C(NC3=CC(Cl)=C(F)C=C3)C2=C1,0.077141364,0.056762468
TP_V158,COCCOC1=CC2=C(C=C1OCCOC)C(NC1=CC(=CC=C1)C#C)=NC=N2,0.41975954,0.20706545
TP_V158,NC(=O)N(C1=CC=C(C(N)=O)C(=N1)C1=CC=C(F)C=C1F)C1=C(F)C=CC=C1F,1.685983123,0.762544387
TP_V158,CN(C)CCNS(=O)(=O)CC1=CC(NC2=NC(OC3=CC4=C(NC(C)=C4)C=C3)=CC=N2)=CC=C1,2.439026212,1
TP_V158,CC1=CN(C=N1)C1=CC(NC(=O)C2=CC=C(C)C(NC3=NC=CC(=N3)C3=CN=CC=C3)=C2)=CC(=C1)C(F)(F)F,1.58098723,0.716483796
TP_V158,NC1(CCN(CC1)C1=C2C=CNC2=NC=N1)C(=O)N[C@@H](CCO)C1=CC=C(Cl)C=C1,0.296243746,0.152880373
TP_V158,[H][C@]12[C@H](OC(=O)C3=CC=CC=C3)[C@]3(O)C[C@H](OC(=O)[C@H](O)[C@@H](NC(=O)C4=CC=CC=C4)C4=CC=CC=C4)C(C)=C([C@@H](OC(C)=O)C(=O)[C@]1(C)[C@@H](O)C[C@H]1OC[C@@]21OC(C)=O)C3(C)C,0.248151744,0.131782919
TP_V158,N[Pt](N)(Cl)Cl,2.256664924,1
TP_V158,NC1=NC(=O)N(C=C1)[C@@H]1O[C@H](CO)[C@@H](O)C1(F)F,0.199910388,0.110619945
TP_V159,COC1=C(OCCCN2CCOCC2)C=C2C(NC3=CC(Cl)=C(F)C=C3)=NC=NC2=C1,0.453786385,0.221992668
TP_V159,COC1=C(NC(=O)\C=C\CN2CCCCC2)C=C2C(NC3=CC(Cl)=C(F)C=C3)=NC=NC2=C1,0.467470718,0.227995841
TP_V159,COC1=C(NC2=NC=CC(=N2)C2=CN(C)C3=C2C=CC=C3)C=C(NC(=O)C=C)C(=C1)N(C)CCN(C)C,0.245158298,0.130469726
TP_V159,CCC1=CC2=C(C=C1N1CCC(CC1)N1CCOCC1)C(C)(C)C1=C(C3=CC=C(C=C3N1)C#N)C2=O,0.171749971,0.098266267
TP_V159,COC1=CC(=CC=C1NC1=NC=C(Cl)C(NC2=CC=CC=C2P(C)(C)=O)=N1)N1CCC(CC1)N1CCN(C)CC1,0.02899223,0.035639951
TP_V159,C[C@@H](OC1=CC(=CN=C1N)C1=CN(N=C1)C1CCNCC1)C1=C(Cl)C=CC(F)=C1Cl,0.017859214,0.030756014
TP_V159,CN1CCN(CC1)C1=CC=C(C(=O)NC2=NNC3=CC=C(CC4=CC(F)=CC(F)=C4)C=C23)C(NC2CCOCC2)=C1,0.003131161,0.024294972
TP_V159,O[C@H]1CCN(C1)C(=O)NC1=C2N=C(C=CN2N=C1)N1CCC[C@@H]1C1=C(F)C=CC(F)=C1,0.548996869,0.263760504
TP_V159,C[C@@H](OC1=CC(=NN=C1N)C(=O)NC1=CC=C(C=C1)C(=O)N1C[C@H](C)N[C@H](C)C1)C1=C(Cl)C=CC(F)=C1Cl,0.198190885,0.109865617
TP_V159,CC(C)(C)C1=NC(=C(S1)C1=NC(N)=NC=C1)C1=C(F)C(NS(=O)(=O)C2=C(F)C=CC=C2F)=CC=C1,0.469558158,0.228911579
TP_V159,C[C@H](N1N=NC2=NC=C(N=C12)C1=CN(C)N=C1)C1=CN2C=CN=C2C=C1,0.560941668,0.269000561
TP_V159,COC1=NC=C(CN2C3CC2CN(C3)C2=CC=C(C=N2)C2=CC(OCC(C)(C)O)=CN3N=CC(C#N)=C23)C=C1,0.565464456,0.270984661
TP_V159,COC1=C(OCC2CCN(C)CC2)C=C2N=CN=C(NC3=C(F)C=C(Br)C=C3)C2=C1,0.214059276,0.116826913
TP_V159,CC(C)C1=NC=CC(C)=C1N1C(=O)N=C(N2CCN(C[C@@H]2C)C(=O)C=C)C2=CC(F)=C(N=C12)C1=C(O)C=CC=C1F,0.546772002,0.262784478
TP_V159,O=C(NC1=CC=C(C=C1)C1(CCCC1)C#N)C1=CC=CN=C1NCC1=CC=NC=C1,0.429779097,0.211460924
TP_V159,CN(C)C\C=C\C(=O)NC1=C(O[C@H]2CCOC2)C=C2N=CN=C(NC3=CC(Cl)=C(F)C=C3)C2=C1,0.213002566,0.116363345
TP_V159,COCCOC1=CC2=C(C=C1OCCOC)C(NC1=CC(=CC=C1)C#C)=NC=N2,0.323202335,0.164706822
TP_V159,NC(=O)N(C1=CC=C(C(N)=O)C(=N1)C1=CC=C(F)C=C1F)C1=C(F)C=CC=C1F,0.863483118,0.401722306
TP_V159,CN(C)CCNS(=O)(=O)CC1=CC(NC2=NC(OC3=CC4=C(NC(C)=C4)C=C3)=CC=N2)=CC=C1,0.459668897,0.224573264
TP_V159,CC1=CN(C=N1)C1=CC(NC(=O)C2=CC=C(C)C(NC3=NC=CC(=N3)C3=CN=CC=C3)=C2)=CC(=C1)C(F)(F)F,0.697126755,0.328743523
TP_V159,NC1(CCN(CC1)C1=C2C=CNC2=NC=N1)C(=O)N[C@@H](CCO)C1=CC=C(Cl)C=C1,0.117747698,0.074576039
TP_V159,[H][C@]12[C@H](OC(=O)C3=CC=CC=C3)[C@]3(O)C[C@H](OC(=O)[C@H](O)[C@@H](NC(=O)C4=CC=CC=C4)C4=CC=CC=C4)C(C)=C([C@@H](OC(C)=O)C(=O)[C@]1(C)[C@@H](O)C[C@H]1OC[C@@]21OC(C)=O)C3(C)C,0.432949228,0.212851627
TP_V159,N[Pt](N)(Cl)Cl,0.826498264,0.38549744
TP_V159,NC1=NC(=O)N(C=C1)[C@@H]1O[C@H](CO)[C@@H](O)C1(F)F,0.237457857,0.127091623
TP_V162,COC1=C(OCCCN2CCOCC2)C=C2C(NC3=CC(Cl)=C(F)C=C3)=NC=NC2=C1,1.852549889,0.835615471
TP_V162,COC1=C(NC(=O)\C=C\CN2CCCCC2)C=C2C(NC3=CC(Cl)=C(F)C=C3)=NC=NC2=C1,0.668514412,0.31619159
TP_V162,COC1=C(NC2=NC=CC(=N2)C2=CN(C)C3=C2C=CC=C3)C=C(NC(=O)C=C)C(=C1)N(C)CCN(C)C,4.466740576,1
TP_V162,CCC1=CC2=C(C=C1N1CCC(CC1)N1CCOCC1)C(C)(C)C1=C(C3=CC=C(C=C3N1)C#N)C2=O,1.242239468,0.567878724
TP_V162,COC1=CC(=CC=C1NC1=NC=C(Cl)C(NC2=CC=CC=C2P(C)(C)=O)=N1)N1CCC(CC1)N1CCN(C)CC1,-0.016629712,0.015626086
TP_V162,C[C@@H](OC1=CC(=CN=C1N)C1=CN(N=C1)C1CCNCC1)C1=C(Cl)C=CC(F)=C1Cl,-0.008314856,0.019273725
TP_V162,CN1CCN(CC1)C1=CC=C(C(=O)NC2=NNC3=CC=C(CC4=CC(F)=CC(F)=C4)C=C23)C(NC2CCOCC2)=C1,0.026607539,0.034593812
TP_V162,O[C@H]1CCN(C1)C(=O)NC1=C2N=C(C=CN2N=C1)N1CCC[C@@H]1C1=C(F)C=CC(F)=C1,1.212305987,0.554747221
TP_V162,C[C@@H](OC1=CC(=NN=C1N)C(=O)NC1=CC=C(C=C1)C(=O)N1C[C@H](C)N[C@H](C)C1)C1=C(Cl)C=CC(F)=C1Cl,0.427383592,0.210410041
TP_V162,CC(C)(C)C1=NC(=C(S1)C1=NC(N)=NC=C1)C1=C(F)C(NS(=O)(=O)C2=C(F)C=CC=C2F)=CC=C1,0.733370288,0.344643179
TP_V162,C[C@H](N1N=NC2=NC=C(N=C12)C1=CN(C)N=C1)C1=CN2C=CN=C2C=C1,3.271064302,1
TP_V162,COC1=NC=C(CN2C3CC2CN(C3)C2=CC=C(C=N2)C2=CC(OCC(C)(C)O)=CN3N=CC(C#N)=C23)C=C1,0.601995565,0.287010473
TP_V162,COC1=C(OCC2CCN(C)CC2)C=C2N=CN=C(NC3=C(F)C=C(Br)C=C3)C2=C1,0.076496674,0.056479649
TP_V162,CC(C)C1=NC=CC(C)=C1N1C(=O)N=C(N2CCN(C[C@@H]2C)C(=O)C=C)C2=CC(F)=C(N=C12)C1=C(O)C=CC=C1F,11.94179601,1
TP_V162,O=C(NC1=CC=C(C=C1)C1(CCCC1)C#N)C1=CC=CN=C1NCC1=CC=NC=C1,0.400776053,0.198737594
TP_V162,CN(C)C\C=C\C(=O)NC1=C(O[C@H]2CCOC2)C=C2N=CN=C(NC3=CC(Cl)=C(F)C=C3)C2=C1,0.793237251,0.370906184
TP_V162,COCCOC1=CC2=C(C=C1OCCOC)C(NC1=CC(=CC=C1)C#C)=NC=N2,0.370842572,0.185606092
TP_V162,NC(=O)N(C1=CC=C(C(N)=O)C(=N1)C1=CC=C(F)C=C1F)C1=C(F)C=CC=C1F,1.267184035,0.578821642
TP_V162,CN(C)CCNS(=O)(=O)CC1=CC(NC2=NC(OC3=CC4=C(NC(C)=C4)C=C3)=CC=N2)=CC=C1,5.753880266,1
TP_V162,CC1=CN(C=N1)C1=CC(NC(=O)C2=CC=C(C)C(NC3=NC=CC(=N3)C3=CN=CC=C3)=C2)=CC(=C1)C(F)(F)F,7.877494457,1
TP_V162,NC1(CCN(CC1)C1=C2C=CNC2=NC=N1)C(=O)N[C@@H](CCO)C1=CC=C(Cl)C=C1,0.350886918,0.176851757
TP_V162,[H][C@]12[C@H](OC(=O)C3=CC=CC=C3)[C@]3(O)C[C@H](OC(=O)[C@H](O)[C@@H](NC(=O)C4=CC=CC=C4)C4=CC=CC=C4)C(C)=C([C@@H](OC(C)=O)C(=O)[C@]1(C)[C@@H](O)C[C@H]1OC[C@@]21OC(C)=O)C3(C)C,3.716740576,1
TP_V162,N[Pt](N)(Cl)Cl,3.11308204,1
TP_V162,NC1=NC(=O)N(C=C1)[C@@H]1O[C@H](CO)[C@@H](O)C1(F)F,0.209534368,0.114841883
TP_V163,COC1=C(OCCCN2CCOCC2)C=C2C(NC3=CC(Cl)=C(F)C=C3)=NC=NC2=C1,0.464139344,0.226534402
TP_V163,COC1=C(NC(=O)\C=C\CN2CCCCC2)C=C2C(NC3=CC(Cl)=C(F)C=C3)=NC=NC2=C1,0.240778689,0.128548437
TP_V163,COC1=C(NC2=NC=CC(=N2)C2=CN(C)C3=C2C=CC=C3)C=C(NC(=O)C=C)C(=C1)N(C)CCN(C)C,0.134221311,0.081802839
TP_V163,CCC1=CC2=C(C=C1N1CCC(CC1)N1CCOCC1)C(C)(C)C1=C(C3=CC=C(C=C3N1)C#N)C2=O,1.783811475,0.805460654
TP_V163,COC1=CC(=CC=C1NC1=NC=C(Cl)C(NC2=CC=CC=C2P(C)(C)=O)=N1)N1CCC(CC1)N1CCN(C)CC1,0.155737705,0.091241854
TP_V163,C[C@@H](OC1=CC(=CN=C1N)C1=CN(N=C1)C1CCNCC1)C1=C(Cl)C=CC(F)=C1Cl,0.018442623,0.031011949
TP_V163,CN1CCN(CC1)C1=CC=C(C(=O)NC2=NNC3=CC=C(CC4=CC(F)=CC(F)=C4)C=C23)C(NC2CCOCC2)=C1,0.009221311,0.026966657
TP_V163,O[C@H]1CCN(C1)C(=O)NC1=C2N=C(C=CN2N=C1)N1CCC[C@@H]1C1=C(F)C=CC(F)=C1,1.130122951,0.51869439
TP_V163,C[C@@H](OC1=CC(=NN=C1N)C(=O)NC1=CC=C(C=C1)C(=O)N1C[C@H](C)N[C@H](C)C1)C1=C(Cl)C=CC(F)=C1Cl,0.781762295,0.365872242
TP_V163,CC(C)(C)C1=NC(=C(S1)C1=NC(N)=NC=C1)C1=C(F)C(NS(=O)(=O)C2=C(F)C=CC=C2F)=CC=C1,0.774590164,0.362725904
TP_V163,C[C@H](N1N=NC2=NC=C(N=C12)C1=CN(C)N=C1)C1=CN2C=CN=C2C=C1,1.198770492,0.548809342
TP_V163,COC1=NC=C(CN2C3CC2CN(C3)C2=CC=C(C=N2)C2=CC(OCC(C)(C)O)=CN3N=CC(C#N)=C23)C=C1,0.566598361,0.271482093
TP_V163,COC1=C(OCC2CCN(C)CC2)C=C2N=CN=C(NC3=C(F)C=C(Br)C=C3)C2=C1,0.000233209,0.023023671
TP_V163,CC(C)C1=NC=CC(C)=C1N1C(=O)N=C(N2CCN(C[C@@H]2C)C(=O)C=C)C2=CC(F)=C(N=C12)C1=C(O)C=CC=C1F,0.584188433,0.279198672
TP_V163,O=C(NC1=CC=C(C=C1)C1(CCCC1)C#N)C1=CC=CN=C1NCC1=CC=NC=C1,0.434468284,0.213518021
TP_V163,CN(C)C\C=C\C(=O)NC1=C(O[C@H]2CCOC2)C=C2N=CN=C(NC3=CC(Cl)=C(F)C=C3)C2=C1,0.351445896,0.177096974
TP_V163,COCCOC1=CC2=C(C=C1OCCOC)C(NC1=CC(=CC=C1)C#C)=NC=N2,0.191464552,0.106914845
TP_V163,NC(=O)N(C1=CC=C(C(N)=O)C(=N1)C1=CC=C(F)C=C1F)C1=C(F)C=CC=C1F,0.806669776,0.376798892
TP_V163,CN(C)CCNS(=O)(=O)CC1=CC(NC2=NC(OC3=CC4=C(NC(C)=C4)C=C3)=CC=N2)=CC=C1,0.224113806,0.121237729
TP_V163,CC1=CN(C=N1)C1=CC(NC(=O)C2=CC=C(C)C(NC3=NC=CC(=N3)C3=CN=CC=C3)=C2)=CC(=C1)C(F)(F)F,0.655083955,0.31029979
TP_V163,NC1(CCN(CC1)C1=C2C=CNC2=NC=N1)C(=O)N[C@@H](CCO)C1=CC=C(Cl)C=C1,0.380363806,0.189782957
TP_V163,[H][C@]12[C@H](OC(=O)C3=CC=CC=C3)[C@]3(O)C[C@H](OC(=O)[C@H](O)[C@@H](NC(=O)C4=CC=CC=C4)C4=CC=CC=C4)C(C)=C([C@@H](OC(C)=O)C(=O)[C@]1(C)[C@@H](O)C[C@H]1OC[C@@]21OC(C)=O)C3(C)C,0.678404851,0.320530421
TP_V163,N[Pt](N)(Cl)Cl,0.44193097,0.216791823
TP_V163,NC1=NC(=O)N(C=C1)[C@@H]1O[C@H](CO)[C@@H](O)C1(F)F,0.046408582,0.043280321
TP_V185,COC1=C(OCCCN2CCOCC2)C=C2C(NC3=CC(Cl)=C(F)C=C3)=NC=NC2=C1,1.81299041,0.818261145
TP_V185,COC1=C(NC(=O)\C=C\CN2CCCCC2)C=C2C(NC3=CC(Cl)=C(F)C=C3)=NC=NC2=C1,0.294245859,0.152003921
TP_V185,COC1=C(NC2=NC=CC(=N2)C2=CN(C)C3=C2C=CC=C3)C=C(NC(=O)C=C)C(=C1)N(C)CCN(C)C,0.318657367,0.162712992
TP_V185,CCC1=CC2=C(C=C1N1CCC(CC1)N1CCOCC1)C(C)(C)C1=C(C3=CC=C(C=C3N1)C#N)C2=O,0.363993025,0.182601268
TP_V185,COC1=CC(=CC=C1NC1=NC=C(Cl)C(NC2=CC=CC=C2P(C)(C)=O)=N1)N1CCC(CC1)N1CCN(C)CC1,0.105928509,0.069391085
TP_V185,C[C@@H](OC1=CC(=CN=C1N)C1=CN(N=C1)C1CCNCC1)C1=C(Cl)C=CC(F)=C1Cl,0.004795118,0.025024933
TP_V185,CN1CCN(CC1)C1=CC=C(C(=O)NC2=NNC3=CC=C(CC4=CC(F)=CC(F)=C4)C=C23)C(NC2CCOCC2)=C1,0.017000872,0.030379468
TP_V185,O[C@H]1CCN(C1)C(=O)NC1=C2N=C(C=CN2N=C1)N1CCC[C@@H]1C1=C(F)C=CC(F)=C1,2.919354839,1
TP_V185,C[C@@H](OC1=CC(=NN=C1N)C(=O)NC1=CC=C(C=C1)C(=O)N1C[C@H](C)N[C@H](C)C1)C1=C(Cl)C=CC(F)=C1Cl,0.557541412,0.267508905
TP_V185,CC(C)(C)C1=NC(=C(S1)C1=NC(N)=NC=C1)C1=C(F)C(NS(=O)(=O)C2=C(F)C=CC=C2F)=CC=C1,0.606364429,0.288927048
TP_V185,C[C@H](N1N=NC2=NC=C(N=C12)C1=CN(C)N=C1)C1=CN2C=CN=C2C=C1,1.247166521,0.57004017
TP_V185,COC1=NC=C(CN2C3CC2CN(C3)C2=CC=C(C=N2)C2=CC(OCC(C)(C)O)=CN3N=CC(C#N)=C23)C=C1,0.487794246,0.236911558
TP_V185,COC1=C(OCC2CCN(C)CC2)C=C2N=CN=C(NC3=C(F)C=C(Br)C=C3)C2=C1,0.100697472,0.067096284
TP_V185,CC(C)C1=NC=CC(C)=C1N1C(=O)N=C(N2CCN(C[C@@H]2C)C(=O)C=C)C2=CC(F)=C(N=C12)C1=C(O)C=CC=C1F,0.401482127,0.199047342
TP_V185,O=C(NC1=CC=C(C=C1)C1(CCCC1)C#N)C1=CC=CN=C1NCC1=CC=NC=C1,0.418047079,0.206314211
TP_V185,CN(C)C\C=C\C(=O)NC1=C(O[C@H]2CCOC2)C=C2N=CN=C(NC3=CC(Cl)=C(F)C=C3)C2=C1,0.551438535,0.264831637
TP_V185,COCCOC1=CC2=C(C=C1OCCOC)C(NC1=CC(=CC=C1)C#C)=NC=N2,0.671752398,0.31761206
TP_V185,NC(=O)N(C1=CC=C(C(N)=O)C(=N1)C1=CC=C(F)C=C1F)C1=C(F)C=CC=C1F,0.678727114,0.320671795
TP_V185,CN(C)CCNS(=O)(=O)CC1=CC(NC2=NC(OC3=CC4=C(NC(C)=C4)C=C3)=CC=N2)=CC=C1,0.362249346,0.181836334
TP_V185,CC1=CN(C=N1)C1=CC(NC(=O)C2=CC=C(C)C(NC3=NC=CC(=N3)C3=CN=CC=C3)=C2)=CC(=C1)C(F)(F)F,0.579337402,0.277070576
TP_V185,NC1(CCN(CC1)C1=C2C=CNC2=NC=N1)C(=O)N[C@@H](CCO)C1=CC=C(Cl)C=C1,0.168700959,0.096928697
TP_V185,[H][C@]12[C@H](OC(=O)C3=CC=CC=C3)[C@]3(O)C[C@H](OC(=O)[C@H](O)[C@@H](NC(=O)C4=CC=CC=C4)C4=CC=CC=C4)C(C)=C([C@@H](OC(C)=O)C(=O)[C@]1(C)[C@@H](O)C[C@H]1OC[C@@]21OC(C)=O)C3(C)C,0.185265911,0.104195567
TP_V185,N[Pt](N)(Cl)Cl,0.545335658,0.262154369
TP_V185,NC1=NC(=O)N(C=C1)[C@@H]1O[C@H](CO)[C@@H](O)C1(F)F,0.233217088,0.125231243
